link,result,skill_bracket,lobby_type,game_mode,region,duration,match_date,hero,final_lvl,k,d,a,net,lh,dn,gpm,xpm,dmg,heal,bld,wards,final_items,team_k,team_d,team_a,team_net,team_lh,team_dn,team_gpm,team_xpm,team_dmg,team_heal,team_bld,team_wards
/matches/5414330682,won,Normal Skill,Normal,Turbo,SE Asia,27:56:00,14/5/2020,Juggernaut,29,2,4,13,24.6k,135,6,904,1.5k,13.7k,8.9k,2.6k,0,"Phase Boots,Abyssal Blade,Battle Fury,Wraith Band,Butterfly,Dust of Appearance,Repair Kit",33,19,56,120.7k,670,20,4.9k,7.9k,122.9k,8.9k,25.3k,0
/matches/5414233484,won,Normal Skill,Normal,Turbo,SE Asia,17:58,14/5/2020,Sniper,18,2,4,2,10.6k,55,11,593,831,9.0k,-,243,0,"Dragon Lance,Boots of Travel,Wraith Band,Power Treads,Observer and Sentry Wards,Maelstrom,Vampire Fangs,Tango",17,21,25,66.2k,339,30,3.8k,6.8k,61.4k,360,12.3k,0
/matches/5414132891,won,Normal Skill,Normal,Turbo,SE Asia,23:39,14/5/2020,Viper,23,2,4,12,15.7k,72,3,750,1.1k,13.6k,1.5k,989,5-Jun,"Wraith Band,Power Treads,Sentry Ward,Blade Mail,Guardian Greaves,Orchid Malevolence,Imp Claw",24,12,39,104.0k,597,24,4.9k,6.2k,60.7k,1.8k,24.0k,Nov-16
/matches/5414077224,won,Normal Skill,Normal,Turbo,SE Asia,25:33:00,14/5/2020,Sniper,27,6,5,12,21.2k,106,21,955,1.6k,23.3k,-,3.8k,-/-,"Wraith Band,Power Treads,Hurricane Pike,Mjollnir,Daedalus,Ocean Heart",30,25,51,90.7k,413,39,4.1k,6.8k,86.1k,1.3k,14.2k,13-Oct
/matches/5412766869,lost,Normal Skill,Normal,Turbo,SE Asia,24:47:00,13/5/2020,Sniper,25,2,8,9,14.1k,64,4,600,1.2k,13.4k,-,159,-/-,"Wraith Band,Wraith Band,Power Treads,Dragon Lance,Maelstrom,Divine Rapier,Grove Bow",11,43,39,59.3k,336,7,2.6k,5.9k,94.2k,-,523,11-Aug
/matches/5412608796,lost,Normal Skill,Normal,Turbo,SE Asia,44:47:00,13/5/2020,Juggernaut,30,5,9,16,27.1k,218,10,786,1.4k,17.9k,10.1k,2.3k,0,"Phase Boots,Battle Fury,Butterfly,Abyssal Blade,Linken's Sphere,Morbid Mask,Imp Claw",36,45,57,122.1k,765,26,3.7k,6.8k,130.4k,10.4k,6.5k,0
/matches/5412581081,lost,Normal Skill,Normal,Turbo,SE Asia,21:06,13/5/2020,Sniper,23,3,10,3,10.4k,72,8,502,1.2k,15.3k,-,25,0,"Tango,Wraith Band,Wraith Band,Power Treads,Mjollnir,Ocean Heart",16,40,33,40.8k,223,21,2.1k,6.5k,73.5k,7.5k,94,0
/matches/5412374530,lost,Normal Skill,Normal,Turbo,SE Asia,23:31,13/5/2020,Sniper,24,4,6,3,15.7k,100,7,650,1.2k,17.5k,-,111,0,"Tango,Wraith Band,Power Treads,Mjollnir,Daedalus,Crystalys,Vampire Fangs",16,35,26,59.7k,327,47,2.7k,6.5k,81.0k,1.1k,2.2k,0
/matches/5412353199,lost,Normal Skill,Normal,Turbo,SE Asia,20:40,13/5/2020,Troll Warlord,19,-,3,2,6.2k,43,6,295,872,4.0k,-,-,0,"Morbid Mask,Quelling Blade,Shadow Blade,Phase Boots",2,30,9,32.6k,244,18,1.6k,4.5k,27.0k,-,977,0
/matches/5412331257,won,Normal Skill,Normal,Turbo,SE Asia,21:34,13/5/2020,Sniper,25,4,1,5,22.4k,151,28,1.0k,1.3k,9.8k,-,5.3k,0,"Mjollnir,Wraith Band,Wraith Band,Wraith Band,Power Treads,Hurricane Pike,Tango",13,11,24,87.7k,534,50,4.2k,6.1k,39.1k,400,18.5k,0
/matches/5411828872,lost,Normal Skill,Normal,Turbo,SE Asia,30:00:00,12/5/2020,Monkey King,27,4,8,14,17.0k,76,1,593,1.4k,16.7k,-,971,0,"Phase Boots,Quelling Blade,Dust of Appearance,Silver Edge,Echo Sabre,Black King Bar,Dragon Scale,Wraith Band",27,35,62,78.0k,336,18,3.1k,6.6k,101.1k,1.7k,10.0k,0
/matches/5411779904,won,Normal Skill,Normal,Turbo,SE Asia,24:54:00,12/5/2020,Sniper,28,5,4,12,23.0k,125,19,940,1.4k,29.0k,-,959,0,"Crystalys,Moon Shard,Boots of Travel,Power Treads,Mjollnir,Monkey King Bar,Orb of Destruction",44,22,53,112.6k,460,35,4.7k,7.6k,124.5k,539,13.8k,0
/matches/5411531857,won,Normal Skill,Normal,Turbo,SE Asia,25:52:00,12/5/2020,Sniper,27,9,8,16,21.2k,75,17,862,1.5k,32.2k,-,3.8k,1-Feb,"Wraith Band,Power Treads,Mjollnir,Daedalus,Black King Bar,Imp Claw",31,33,76,84.7k,383,28,3.7k,6.8k,114.5k,10.1k,13.0k,Oct-17
/matches/5410917147,lost,Normal Skill,Ranked,All Pick,SE Asia,45:04:00,12/5/2020,Slardar,18,2,10,9,8.9k,99,4,268,358,5.1k,-,28,0,"Force Staff,Power Treads,Quelling Blade,Sentry Ward,Blink Dagger,Pupil's Gift,Dust of Appearance",27,45,39,65.8k,988,41,1.9k,2.5k,112.6k,2.4k,10.6k,0
/matches/5410674269,won,Normal Skill,Ranked,All Pick,SE Asia,54:45:00,12/5/2020,Dazzle,22,-,19,11,6.4k,30,9,201,427,6.6k,3.5k,20,0,"Arcane Boots,Magic Stick,Wind Lace,Dust of Appearance,Observer and Sentry Wards,Glimmer Cape,Essence Ring",30,46,57,88.8k,1.3k,42,2.0k,2.8k,129.9k,3.9k,15.3k,0
/matches/5410621006,won,Normal Skill,Ranked,All Pick,SE Asia,33:14:00,12/5/2020,Sniper,22,4,2,23,15.9k,194,8,499,659,23.3k,400,5.7k,0,"Power Treads,Wraith Band,Maelstrom,Dragon Lance,Silver Edge,Repair Kit",41,15,92,71.0k,633,58,2.3k,3.0k,98.9k,4.3k,21.7k,0
/matches/5409936859,lost,Normal Skill,Ranked,All Pick,SE Asia,39:22:00,11/5/2020,Sniper,16,5,10,6,9.0k,141,4,295,338,23.8k,-,179,0,"Maelstrom,Wraith Band,Dragon Lance,Power Treads,Yasha,Grove Bow",15,42,32,44.5k,710,23,1.4k,1.9k,110.3k,-,355,0
/matches/5409852881,lost,Normal Skill,Normal,Turbo,SE Asia,42:43:00,11/5/2020,Sven,26,4,8,9,22.9k,200,1,703,973,33.0k,-,4.6k,0,"Monkey King Bar,Satanic,Black King Bar,Boots of Travel,Aghanim's Scepter,Minotaur Horn",30,43,68,118.6k,688,10,3.5k,5.4k,197.7k,7.6k,15.7k,0
/matches/5414482104,lost,Normal Skill,Normal,Turbo,SE Asia,23:43,2020-05-14,Sven,23,2,6,3,10.9k,95,4,509,1.1k,10.5k,-,-,-/-,"Bracer,Mask of Madness,Ogre Axe,Echo Sabre,Power Treads,Blink Dagger,Vampire Fangs,Tango",14,26,24,52.1k,327,26,2.4k,5.9k,62.4k,-,279,10/8
/matches/5409784183,lost,Normal Skill,Normal,Turbo,SE Asia,30:31,2020-05-11,Wraith King,30,8,6,16,24.8k,123,-,804,1.5k,24.7k,2.2k,3.1k,-/-,"Power Treads,Blink Dagger,Desolator,Echo Sabre,Black King Bar,Abyssal Blade,Paladin Sword,Quelling Blade",34,42,71,92.0k,390,18,3.2k,6.5k,120.0k,6.4k,8.6k,13/11
/matches/5409190187,lost,Normal Skill,Normal,Turbo,SE Asia,32:36,2020-05-11,Juggernaut,28,7,3,6,23.9k,223,8,894,1.3k,14.8k,611,3.6k,0,"Battle Fury,Butterfly,Abyssal Blade,Phase Boots,Paladin Sword",20,19,35,88.3k,654,21,3.2k,5.7k,70.8k,6.1k,6.5k,0
/matches/5409144747,won,Normal Skill,Normal,Turbo,SE Asia,34:21,2020-05-11,Sniper,30,8,5,16,32.4k,220,11,1.1k,1.0k,45.9k,-,4.5k,0,"Daedalus,Monkey King Bar,Black King Bar,Boots of Travel,Dragon Lance,Mjollnir,Paladin Sword",41,22,88,139.4k,590,51,4.5k,6.1k,125.0k,3.9k,25.8k,0
/matches/5409053516,lost,Normal Skill,Normal,Turbo,SE Asia,28:59,2020-05-11,Juggernaut,30,18,8,3,25.6k,119,7,1.1k,1.8k,37.3k,2.8k,3.1k,0,"Abyssal Blade,Boots of Travel,Wraith Band,Battle Fury,Aghanim's Scepter,Butterfly,Broom Handle,Clumsy Net",34,46,66,84.0k,322,13,3.7k,7.2k,135.9k,3.8k,15.9k,0
/matches/5408915928,won,Normal Skill,Normal,Turbo,SE Asia,19:36,2020-05-11,Sniper,26,10,1,8,20.8k,90,24,1.1k,1.5k,23.5k,-,4.5k,-/-,"Wraith Band,Wraith Band,Power Treads,Monkey King Bar,Mjollnir,Daedalus,Grove Bow",26,9,49,85.9k,409,42,4.7k,7.2k,73.9k,-,28.8k,6/6
/matches/5408859764,won,Normal Skill,Normal,Turbo,SE Asia,21:43,2020-05-11,Sniper,25,4,2,14,21.2k,118,31,967,1.3k,12.5k,-,4.2k,0,"Monkey King Bar,Wraith Band,Wraith Band,Mjollnir,Power Treads,Daedalus,Grove Bow",31,17,74,89.6k,319,40,4.2k,7.0k,80.1k,5.0k,12.8k,0
/matches/5408187085,lost,Normal Skill,Normal,All Pick,SE Asia,39:23,2020-05-10,Sniper,21,4,7,17,14.1k,177,19,387,517,31.4k,-,2.8k,0,"Hurricane Pike,Wraith Band,Wraith Band,Tango,Power Treads,Mjollnir,Imp Claw",30,32,74,66.6k,870,46,2.0k,2.7k,108.0k,-,11.0k,0
/matches/5408123599,won,Normal Skill,Normal,Turbo,SE Asia,24:39,2020-05-10,Juggernaut,30,7,1,20,24.2k,110,8,1.1k,1.5k,18.0k,13.3k,10.3k,-/-,"Wraith Band,Phase Boots,Battle Fury,Diffusal Blade,Butterfly,Butterfly,Clumsy Net",39,20,92,105.0k,413,21,4.8k,7.1k,89.2k,15.6k,22.6k,6/4
/matches/5407751477,lost,Normal Skill,Normal,Turbo,SE Asia,27:02,2020-05-10,Sniper,25,5,5,6,21.4k,143,12,789,1.3k,20.0k,-,626,0,"Daedalus,Mjollnir,Wraith Band,Power Treads,Dragon Lance,Silver Edge,Ring of Aquila",22,29,49,80.9k,493,25,3.1k,6.0k,76.1k,2.9k,821,0
/matches/5407590754,won,Normal Skill,Normal,Turbo,SE Asia,28:15,2020-05-10,Sniper,29,7,5,14,25.1k,106,20,917,1.4k,42.6k,-,2.3k,0,"Moon Shard,Moon Shard,Mask of Madness,Dragon Lance,Moon Shard,Mjollnir,Enchanted Quiver",38,17,82,120.9k,443,37,4.3k,7.7k,122.6k,10.7k,23.9k,0
/matches/5407247460,won,Normal Skill,Normal,Turbo,SE Asia,37:43,2020-05-10,Lion,28,1,11,9,14.7k,28,7,443,1.3k,10.9k,-,748,0,"Ghost Scepter,Aghanim's Scepter,Boots of Travel,Glimmer Cape,Dust of Appearance,Blink Dagger,Spell Prism",32,42,66,130.3k,541,26,3.9k,6.8k,158.5k,5.2k,24.7k,0
/matches/5407029492,won,Normal Skill,Normal,Turbo,SE Asia,24:54,2020-05-10,Sniper,26,5,3,16,18.7k,135,13,950,1.3k,20.8k,-,6.5k,0,"Boots of Travel,Moon Shard,Hyperstone,Mjollnir,Dragon Lance,Mask of Madness,Grove Bow",40,13,88,105.0k,403,47,4.5k,7.1k,89.9k,1.8k,18.4k,0
/matches/5406995019,won,Normal Skill,Normal,Turbo,SE Asia,21:53,2020-05-10,Sniper,23,4,0,7,21.7k,122,24,993,1.1k,26.4k,-,9.3k,0,"Monkey King Bar,Black King Bar,Wraith Band,Daedalus,Power Treads,Dragon Lance,Broom Handle",17,6,40,88.5k,420,57,4.1k,5.4k,68.5k,275,26.9k,0
/matches/5406847371,lost,Normal Skill,Normal,Turbo,SE Asia,41:05,2020-05-10,Weaver,30,11,9,6,30.6k,186,8,780,1.4k,17.3k,-,2.2k,0,"Black King Bar,Hurricane Pike,Desolator,Boots of Travel,Linken's Sphere,Daedalus,Prince's Knife,Imp Claw",29,41,59,107.1k,597,21,3.3k,7.2k,165.5k,-,4.1k,0
/matches/5406801531,lost,Normal Skill,Normal,Turbo,SE Asia,35:38,2020-05-10,Sniper,26,3,8,18,24.6k,121,10,837,1.0k,36.0k,-,1.3k,0,"Daedalus,Black King Bar,Silver Edge,Hurricane Pike,Monkey King Bar,Greater Faerie Fire,Grove Bow,Illusionist's Cape",28,36,61,88.7k,559,17,4.0k,5.9k,119.2k,5.4k,7.3k,0
/matches/5405696441,lost,Normal Skill,Normal,Turbo,SE Asia,32:14,2020-05-09,Sniper,29,14,7,9,24.9k,137,10,932,1.7k,41.8k,-,3.1k,0,"Hurricane Pike,Black King Bar,Monkey King Bar,Power Treads,Silver Edge,Imp Claw,Vampire Fangs",27,37,59,88.9k,466,23,3.0k,6.6k,116.0k,186,4.2k,0
/matches/5405248914,won,Normal Skill,Normal,Turbo,SE Asia,44:58,2020-05-09,Sniper,30,25,7,23,62.0k,200,20,1.5k,1.3k,69.9k,-,3.1k,0,"Divine Rapier,Silver Edge,Daedalus,Boots of Travel,Mjollnir,Monkey King Bar,Enchanted Quiver,Cheese",61,40,119,199.0k,653,42,5.4k,6.3k,196.3k,21.0k,29.3k,0
/matches/5405145895,won,Normal Skill,Normal,Turbo,SE Asia,17:48,2020-05-09,Sniper,22,7,0,10,16.3k,67,4,916,1.3k,24.9k,-,3.2k,0,"Monkey King Bar,Hyperstone,Dragon Lance,Power Treads,Wraith Band,Mjollnir,Pupil's Gift",28,2,49,75.2k,368,16,4.4k,6.6k,69.5k,400,15.1k,0
/matches/5405120576,won,Normal Skill,Normal,Turbo,SE Asia,16:13,2020-05-09,Sniper,19,5,6,15,12.5k,43,10,939,1.1k,16.1k,-,2.7k,0,"Tango,Wraith Band,Wraith Band,Dragon Lance,Mjollnir,Boots of Travel,Grove Bow",29,15,65,75.3k,258,25,4.9k,7.2k,67.0k,-,22.6k,0
/matches/5404974587,lost,Normal Skill,Normal,Turbo,SE Asia,28:08,2020-05-09,Sniper,27,9,7,6,18.1k,105,32,793,1.5k,40.4k,-,461,0,"Hurricane Pike,Wraith Band,Daedalus,Power Treads,Tango,Mjollnir,Enchanted Quiver",22,39,31,70.9k,442,37,3.0k,6.5k,108.8k,3.8k,1.9k,0
/matches/5404922531,lost,Normal Skill,Normal,Turbo,SE Asia,23:00,2020-05-09,Juggernaut,22,2,5,6,8.1k,92,2,515,980,8.2k,1.2k,-,0,"Yasha,Battle Fury,Slippers of Agility,Phase Boots,Dragon Scale",14,27,22,49.6k,336,19,2.4k,5.3k,66.8k,1.2k,-,0
/matches/5404844838,won,Normal Skill,Normal,Turbo,SE Asia,27:09,2020-05-09,Sniper,29,12,3,13,30.4k,156,23,1.2k,1.4k,34.5k,-,6.1k,0,"Silver Edge,Mjollnir,Boots of Travel,Moon Shard,Monkey King Bar,Power Treads,Vambrace,Wraith Band,Tango",39,23,84,112.8k,400,30,4.3k,6.8k,100.5k,9.2k,19.9k,0
/matches/5404098646,lost,Normal Skill,Normal,Turbo,SE Asia,32:27,2020-05-08,Juggernaut,30,10,4,5,27.7k,155,4,885,1.4k,27.3k,347,-,0,"Abyssal Blade,Battle Fury,Monkey King Bar,Butterfly,Moon Shard,Boots of Travel,Greater Faerie Fire",22,31,32,112.9k,728,13,3.9k,6.3k,78.3k,1.4k,4.4k,0
/matches/5403504046,won,Normal Skill,Normal,Turbo,SE Asia,23:19,2020-05-08,Phantom Assassin,28,7,2,11,22.6k,120,10,1.0k,1.9k,20.8k,-,5.7k,0,"Abyssal Blade,Black King Bar,Desolator,Boots of Travel,Dust of Appearance,Satanic,Imp Claw,Tango,Quelling Blade",36,22,68,96.3k,320,27,4.4k,7.6k,92.3k,5.1k,20.7k,0
/matches/5403326931,lost,Normal Skill,Normal,Turbo,SE Asia,27:01,2020-05-08,Juggernaut,24,3,7,3,10.6k,94,4,492,1.1k,7.8k,1.4k,-,0,"Battle Fury,Skull Basher,Dust of Appearance,Wraith Band,Phase Boots,Pupil's Gift,Telescope",15,46,30,53.9k,352,19,2.2k,5.8k,63.4k,3.1k,-,0
/matches/5403264220,won,Normal Skill,Normal,Turbo,SE Asia,18:30,2020-05-08,Sniper,26,12,0,10,22.5k,84,19,1.2k,1.6k,32.1k,-,5.2k,0,"Wraith Band,Daedalus,Wraith Band,Power Treads,Mjollnir,Hurricane Pike,Pupil's Gift,Tango,Enchanted Mango",23,9,50,83.1k,318,26,4.6k,6.2k,63.7k,2.4k,23.2k,0
/matches/5403113690,won,Normal Skill,Normal,Turbo,SE Asia,41:24,2020-05-08,Juggernaut,30,24,7,18,49.0k,211,8,1.4k,1.7k,64.3k,4.0k,12.5k,0,"Satanic,Battle Fury,Abyssal Blade,Butterfly,Monkey King Bar,Boots of Travel,Ninja Gear,Cheese",63,34,106,180.2k,709,30,5.5k,7.1k,202.2k,4.0k,31.0k,0
/matches/5403020149,won,Normal Skill,Normal,Turbo,SE Asia,30:25,2020-05-08,Sniper,27,8,5,12,29.5k,142,19,1.0k,1.4k,28.5k,-,5.1k,-/-,"Wraith Band,Mjollnir,Hurricane Pike,Daedalus,Black King Bar,Boots of Travel,Grove Bow,Wraith Band",35,22,69,124.7k,535,31,4.4k,6.3k,117.5k,3.1k,25.8k,13/20
/matches/5401648272,lost,Normal Skill,Normal,Turbo,SE Asia,27:15,2020-05-07,Sniper,25,5,7,9,17.4k,94,13,642,1.2k,20.6k,-,362,0,"Mjollnir,Black King Bar,Wraith Band,Power Treads,Hurricane Pike,Mind Breaker",25,38,51,75.9k,331,24,3.0k,7.2k,109.7k,1.2k,694,0
/matches/5401469451,lost,Normal Skill,Normal,Turbo,SE Asia,24:33,2020-05-07,Sniper,26,3,5,5,18.7k,117,25,764,1.3k,25.8k,-,1.7k,0,"Hurricane Pike,Wraith Band,Wraith Band,Power Treads,Mjollnir,Daedalus,Dust of Appearance,Tango",20,31,29,74.9k,470,40,3.4k,6.6k,74.8k,-,5.3k,0
/matches/5401411780,won,Normal Skill,Normal,Turbo,SE Asia,23:46,2020-05-07,Sniper,28,11,4,11,24.4k,123,20,1.2k,1.3k,26.1k,-,7.8k,0,"Moon Shard,Moon Shard,Aegis of the Immortal,Power Treads,Mjollnir,Daedalus,Vampire Fangs,Tango",29,15,70,105.5k,458,29,4.7k,6.6k,99.1k,29.3k,19.5k,0
/matches/5401216851,lost,Normal Skill,Normal,Turbo,SE Asia,31:53,2020-05-07,Juggernaut,28,3,5,2,19.8k,181,3,733,1.3k,12.0k,1.9k,130,0,"Bloodthorn,Battle Fury,Monkey King Bar,Talisman of Evasion,Slippers of Agility,Phase Boots,Vampire Fangs,Eaglesong",23,26,28,103.7k,682,26,3.4k,6.5k,70.5k,1.9k,4.3k,0
/matches/5400115915,won,Normal Skill,Normal,Turbo,SE Asia,30:32,2020-05-06,Juggernaut,30,5,6,17,26.3k,116,4,883,1.6k,28.7k,7.0k,7.9k,0,"Diffusal Blade,Abyssal Blade,Enchanted Mango,Battle Fury,Butterfly,Phase Boots,Paladin Sword",44,34,103,133.3k,506,8,4.8k,7.8k,146.5k,16.4k,21.1k,0
/matches/5399767357,won,Normal Skill,Normal,Turbo,SE Asia,26:13,2020-05-06,Weaver,30,8,0,8,26.8k,149,6,1.0k,1.7k,9.9k,-,9.9k,0,"Desolator,Butterfly,Boots of Travel,Dragon Lance,Linken's Sphere,Black King Bar,Grove Bow,Greater Faerie Fire,Wraith Band",32,18,52,113.0k,643,27,4.9k,7.7k,99.5k,2.2k,17.5k,0
/matches/5399693737,lost,Normal Skill,Normal,Turbo,SE Asia,23:22,2020-05-06,Phantom Lancer,24,2,8,3,7.3k,53,3,395,1.1k,6.6k,-,-,0,"Talisman of Evasion,Quelling Blade,Power Treads,Wraith Band,Diffusal Blade,Vampire Fangs",12,46,24,42.9k,223,12,2.1k,6.7k,63.0k,-,-,0
/matches/5399493977,lost,Normal Skill,Normal,Turbo,SE Asia,34:51,2020-05-06,Sniper,28,4,6,9,24.1k,136,15,707,1.2k,21.4k,-,1.6k,0,"Silver Edge,Wraith Band,Mjollnir,Monkey King Bar,Hurricane Pike,The Leveller,Tango",26,26,49,117.5k,598,26,3.6k,6.2k,116.2k,-,6.1k,0
/matches/5399416082,won,Normal Skill,Normal,Turbo,SE Asia,26:19,2020-05-06,Sniper,27,2,5,14,19.3k,85,4,744,1.2k,18.3k,-,2.7k,0,"Hurricane Pike,Boots of Travel,Wraith Band,Power Treads,Dust of Appearance,Mjollnir,Paladin Sword",42,24,70,100.5k,359,13,4.4k,7.6k,101.8k,-,22.7k,0
/matches/5398139798,won,Normal Skill,Normal,Turbo,SE Asia,25:44,2020-05-05,Juggernaut,29,2,2,11,22.4k,150,4,967,1.5k,10.8k,3.5k,5.5k,0,"Diffusal Blade,Battle Fury,Butterfly,Abyssal Blade,Aegis of the Immortal,Phase Boots,Pupil's Gift,Craggy Coat,Circlet,Boots of Travel",37,17,56,100.4k,403,19,4.4k,7.5k,90.8k,17.3k,18.0k,0
/matches/5397898175,lost,Normal Skill,Normal,Turbo,SE Asia,21:59,2020-05-05,Juggernaut,20,2,8,7,10.3k,60,11,467,866,10.5k,2.9k,-,0,"Phase Boots,Battle Fury,Skull Basher,Slippers of Agility,Essence Ring",11,32,27,37.7k,186,26,1.8k,4.0k,48.4k,6.1k,49,0
/matches/5397759476,won,Normal Skill,Normal,Turbo,SE Asia,38:10,2020-05-05,Juggernaut,29,3,4,12,23.7k,135,1,636,962,17.8k,8.4k,4.9k,0,"Abyssal Blade,Battle Fury,Manta Style,Enchanted Mango,Dust of Appearance,Phase Boots,Clumsy Net,Faerie Fire,Slippers of Agility",25,22,57,123.5k,752,25,3.5k,5.6k,108.1k,8.8k,14.6k,0
/matches/5397629953,won,Normal Skill,Normal,Turbo,SE Asia,28:29,2020-05-05,Weaver,30,11,2,8,32.2k,157,5,1.1k,1.4k,30.0k,-,11.1k,0,"Monkey King Bar,Black King Bar,Desolator,Power Treads,Linken's Sphere,Hurricane Pike,Imp Claw,Wraith Band",25,19,66,118.1k,594,16,4.2k,6.1k,99.9k,20.5k,19.7k,0
/matches/5397495166,won,Normal Skill,Normal,Turbo,SE Asia,24:53,2020-05-05,Sniper,26,8,4,14,22.9k,91,18,929,1.3k,17.5k,-,6.2k,0,"Mjollnir,Monkey King Bar,Power Treads,Wraith Band,Boots of Travel,Hurricane Pike,Imp Claw",31,15,75,108.6k,477,49,4.5k,6.8k,81.4k,2.9k,21.9k,0
/matches/5397412117,won,Normal Skill,Normal,Turbo,SE Asia,26:14,2020-05-05,Juggernaut,28,4,3,11,22.0k,110,1,886,1.3k,10.2k,8.5k,1.9k,0,"Battle Fury,Phase Boots,Skull Basher,Healing Salve,Boots of Travel,Butterfly,Mind Breaker,Wraith Band",28,19,46,103.0k,410,11,4.2k,6.8k,102.8k,10.4k,20.9k,0
/matches/5396763043,won,Normal Skill,Normal,Turbo,SE Asia,27:27,2020-05-04,Juggernaut,30,10,1,9,28.7k,133,9,1.0k,1.5k,22.1k,8.8k,10.0k,0,"Battle Fury,Monkey King Bar,Abyssal Blade,Butterfly,Phase Boots,Pupil's Gift,Faerie Fire",38,8,78,106.1k,443,25,4.4k,6.7k,110.2k,8.8k,19.7k,0
/matches/5396352009,won,Normal Skill,Normal,Turbo,SE Asia,30:21,2020-05-04,Juggernaut,29,5,7,13,24.7k,129,3,826,1.4k,21.6k,6.2k,7.5k,0,"Phase Boots,Battle Fury,Abyssal Blade,Boots of Travel,Faerie Fire,Butterfly,Broom Handle",31,27,73,126.1k,673,20,4.8k,6.8k,101.8k,10.0k,25.2k,0
/matches/5395893106,won,Normal Skill,Normal,Turbo,SE Asia,34:30,2020-05-04,Juggernaut,30,7,4,9,28.8k,153,13,884,1.3k,22.6k,4.4k,5.4k,0,"Battle Fury,Phase Boots,Butterfly,Aegis of the Immortal,Monkey King Bar,Abyssal Blade,Iron Talon,Wraith Band,Dust of Appearance",37,21,41,128.6k,679,31,4.4k,6.7k,131.8k,4.4k,23.2k,0
/matches/5395478623,lost,Normal Skill,Normal,Turbo,SE Asia,28:13,2020-05-04,Sniper,28,9,9,14,18.4k,74,11,826,1.4k,28.9k,-,500,0,"Maelstrom,Eye of Skadi,Power Treads,Hurricane Pike,Monkey King Bar,Dust of Appearance,Pupil's Gift,Wraith Band,Tango",32,43,77,67.8k,356,18,3.5k,6.9k,102.2k,1.3k,1.3k,0
/matches/5393777105,lost,Normal Skill,Normal,All Pick,South Korea,37:04,2020-05-03,Phantom Assassin,21,5,9,11,9.5k,95,8,284,530,13.9k,-,-,-/-,"Quelling Blade,Phase Boots,Desolator,Black King Bar,Pupil's Gift",21,48,46,37.2k,414,34,1.2k,2.3k,64.6k,4.2k,180,17/23
/matches/5392722825,won,Normal Skill,Normal,Turbo,SE Asia,19:21,2020-05-02,Wraith King,24,3,3,9,14.4k,60,5,720,1.4k,9.1k,-,1.2k,0,"Tango,Quelling Blade,Circlet,Echo Sabre,Power Treads,Blink Dagger",22,15,46,83.8k,377,23,4.3k,7.5k,64.4k,3.5k,22.3k,0
/matches/5392663224,lost,Normal Skill,Normal,Turbo,SE Asia,27:35,2020-05-02,Viper,25,1,6,10,9.7k,51,5,437,1.1k,13.7k,1.5k,-,0,"Observer Ward,Veil of Discord,Mekansm,Wraith Band,Enchanted Mango,Blade Mail",15,29,38,66.6k,423,19,2.7k,6.0k,76.6k,1.5k,1.5k,0
/matches/5392601358,lost,Normal Skill,Normal,Turbo,SE Asia,26:23,2020-05-02,Slardar,24,2,5,9,12.5k,55,5,460,985,8.3k,-,1.0k,0,"Blade Mail,Quelling Blade,Power Treads,Assault Cuirass,Blink Dagger",18,29,48,69.8k,312,22,2.7k,6.1k,89.0k,16.6k,8.7k,0
/matches/5392112411,won,Normal Skill,Normal,All Pick,SE Asia,46:56,2020-05-02,Sniper,26,11,2,16,24.3k,368,23,627,705,35.2k,-,12.3k,0,"Mjollnir,Power Treads,Hurricane Pike,Monkey King Bar,Blink Dagger,Enchanted Quiver,Wraith Band",53,31,92,103.1k,1.1k,38,2.5k,3.4k,128.4k,-,31.0k,0
/matches/5392031693,lost,Normal Skill,Normal,All Pick,SE Asia,35:23,2020-05-02,Slardar,17,3,6,8,8.6k,90,13,266,397,5.2k,-,-,0,"Armlet of Mordiggian,Magic Stick,Quelling Blade,Healing Salve,Power Treads,Blink Dagger,Mind Breaker,Iron Branch,Broom Handle,Orb of Destruction",19,38,30,44.6k,551,36,1.5k,2.3k,48.9k,2.0k,1.3k,0
/matches/5391886517,lost,Normal Skill,Normal,Turbo,SE Asia,29:08,2020-05-02,Slardar,22,-,6,2,7.2k,41,6,253,806,3.6k,-,-,0,"Enchanted Mango,Bracer,Healing Salve,Power Treads,Blink Dagger,Paladin Sword,Pupil's Gift",5,25,8,53.4k,380,26,1.9k,4.3k,51.3k,1.7k,865,0
/matches/5391855661,lost,Normal Skill,Normal,Turbo,SE Asia,15:28,2020-05-02,Juggernaut,14,-,6,4,4.7k,20,-,309,633,4.2k,966,-,0,"Blade of Alacrity,Quelling Blade,Phase Boots,Blade of Alacrity,Robe of the Magi",9,31,14,29.3k,165,6,2.0k,3.9k,22.3k,1.2k,115,0
/matches/5391753348,won,Normal Skill,Normal,Turbo,SE Asia,25:20,2020-05-02,Juggernaut,26,10,2,4,24.5k,145,7,973,1.3k,14.0k,4.0k,6.3k,0,"Battle Fury,Diffusal Blade,Dust of Appearance,Silver Edge,Butterfly,Phase Boots,Iron Talon,Faerie Fire",24,12,38,89.2k,481,21,3.7k,6.4k,54.2k,7.9k,14.2k,0
/matches/5391559817,lost,Normal Skill,Normal,Turbo,SE Asia,27:03,2020-05-02,Sniper,25,7,6,7,19.3k,93,16,702,1.1k,26.4k,-,426,0,"Monkey King Bar,Wraith Band,Power Treads,Black King Bar,Maelstrom,Hurricane Pike,Grove Bow",25,30,34,76.0k,394,41,2.9k,6.3k,92.5k,400,1.8k,0
/matches/5391401845,won,Normal Skill,Normal,Turbo,SE Asia,37:22,2020-05-02,Sniper,30,8,7,32,25.9k,125,11,859,1.4k,55.1k,-,3.9k,0,"Silver Edge,Wraith Band,Boots of Travel,Hurricane Pike,Mjollnir,Daedalus,Flicker",44,42,131,123.5k,308,18,3.6k,6.7k,188.2k,3.5k,16.0k,0
/matches/5391378751,lost,Normal Skill,Normal,Turbo,SE Asia,17:39,2020-05-02,Phantom Lancer,19,2,7,2,4.5k,21,5,261,932,4.1k,-,-,0,"Diffusal Blade,Wraith Band,Boots of Speed",13,27,15,31.0k,156,10,1.8k,5.1k,33.9k,-,-,0
/matches/5389677029,won,Normal Skill,Normal,Turbo,SE Asia,23:48,2020-05-01,Juggernaut,28,6,6,15,19.5k,73,6,846,1.7k,16.3k,8.2k,4.6k,0,"Diffusal Blade,Quelling Blade,Manta Style,Wraith Band,Boots of Travel,Vambrace",36,22,66,110.3k,535,25,4.8k,7.6k,112.7k,8.4k,19.7k,0
/matches/5389286938,lost,Normal Skill,Normal,Turbo,SE Asia,31:14,2020-05-01,Sniper,25,6,9,8,17.0k,106,8,549,1.2k,29.8k,-,102,0,"Power Treads,Wraith Band,Monkey King Bar,Maelstrom,Hurricane Pike,Crystalys",19,41,39,69.4k,384,11,2.4k,6.0k,107.6k,845,865,0
/matches/5389158258,lost,Normal Skill,Normal,Turbo,SE Asia,26:08,2020-05-01,Monkey King,23,-,4,1,10.6k,75,10,403,902,6.4k,-,77,0,"Desolator,Quelling Blade,Phase Boots,Echo Sabre,Enchanted Quiver",4,38,8,47.5k,356,26,2.0k,4.2k,46.7k,3.6k,352,0
/matches/5389138699,lost,Normal Skill,Normal,Turbo,SE Asia,17:03,2020-05-01,Shadow Fiend,16,1,3,2,6.3k,50,4,375,790,5.4k,-,-,0,"Shadow Blade,Wraith Band,Power Treads,Keen Optic",5,31,12,26.4k,146,13,1.5k,3.8k,38.5k,124,-,0
/matches/5414878786,lost,Normal Skill,Normal,Turbo,SE Asia,27:14,2020-05-14,Viper,27,5,6,10,20.0k,93,9,748,1.2k,21.7k,-,654,0,"Silver Edge,Black King Bar,Power Treads,Aghanim's Scepter,Wind Lace,Blade Mail,Vampire Fangs",23,37,37,75.9k,364,25,3.0k,6.8k,102.9k,-,1.9k,0
/matches/5388437952,lost,Normal Skill,Normal,Turbo,SE Asia,25:56,2020-04-30,Drow Ranger,26,1,9,10,9.7k,53,4,381,1.3k,4.8k,-,-,0,"Hurricane Pike,Wraith Band,Clarity,Demon Edge,Power Treads,Dust of Appearance,Imp Claw",23,44,43,60.0k,252,14,2.5k,6.4k,93.7k,-,1.1k,0
/matches/5387708013,won,Normal Skill,Normal,Turbo,SE Asia,21:48,2020-04-30,Juggernaut,30,4,3,15,20.3k,76,3,926,1.7k,17.8k,8.4k,7.1k,0,"Diffusal Blade,Quelling Blade,Butterfly,Skull Basher,Phase Boots,Ironwood Tree",40,16,69,90.6k,345,18,4.6k,7.5k,110.2k,8.4k,16.8k,0
/matches/5387428207,lost,Normal Skill,Normal,Turbo,SE Asia,23:55,2020-04-30,Phantom Assassin,19,1,4,1,12.0k,105,8,494,746,7.2k,-,221,0,"Desolator,Quelling Blade,Skull Basher,Phase Boots,Mithril Hammer,Ogre Axe,Poor Man's Shield",6,28,12,40.9k,271,21,1.7k,3.6k,42.8k,2.4k,545,0
/matches/5387333456,lost,Normal Skill,Normal,Turbo,SE Asia,21:50,2020-04-30,Juggernaut,22,-,8,3,8.8k,66,3,412,989,5.7k,2.1k,786,0,"Magic Stick,Skull Basher,Diffusal Blade,Enchanted Mango,Dust of Appearance,Phase Boots,Ocean Heart,Quelling Blade",14,39,25,44.4k,222,23,2.2k,5.5k,62.0k,4.2k,1.0k,0
/matches/5386436920,lost,Normal Skill,Normal,Turbo,SE Asia,20:01,2020-04-29,Drow Ranger,23,-,5,4,5.8k,30,7,277,1.2k,4.7k,-,191,0,"Tango,Wraith Band,Power Treads,Shadow Amulet,Dragon Lance",8,33,15,35.0k,249,15,1.8k,6.0k,34.8k,396,422,0
/matches/5386117379,won,Normal Skill,Normal,Turbo,SE Asia,25:11,2020-04-29,Drow Ranger,28,5,5,16,17.6k,51,5,755,1.2k,18.2k,476,6.7k,0,"Healing Salve,Wraith Band,Shadow Blade,Power Treads,Hurricane Pike,Grove Bow",34,23,81,104.7k,404,45,4.3k,6.8k,128.0k,5.3k,24.2k,0
/matches/5385797191,won,Normal Skill,Normal,Turbo,SE Asia,21:49,2020-04-29,Monkey King,27,3,2,14,17.4k,64,8,786,1.4k,8.7k,-,2.2k,0,"Tango,Phase Boots,Iron Branch,Battle Fury,Heaven's Halberd,Clumsy Net,Repair Kit",27,15,53,85.4k,291,13,4.0k,6.6k,74.7k,-,11.8k,0
/matches/5385663173,lost,Normal Skill,Normal,Turbo,SE Asia,21:21,2020-04-29,Sniper,21,2,3,3,8.0k,39,6,369,1.0k,15.9k,-,273,0,"Dragon Lance,Wraith Band,Healing Salve,Power Treads,Maelstrom",10,24,24,43.1k,181,22,2.0k,5.5k,55.9k,-,929,0
/matches/5385530972,lost,Normal Skill,Normal,Turbo,SE Asia,25:38,2020-04-29,Drow Ranger,27,2,10,8,15.0k,35,3,690,1.3k,10.0k,-,22,0,"Tango,Wraith Band,Power Treads,Dragon Lance,Yasha,Butterfly",22,36,37,64.9k,266,16,3.4k,7.0k,96.0k,900,45,0
/matches/5385399294,lost,Normal Skill,Normal,Turbo,SE Asia,29:49,2020-04-29,Sniper,25,7,11,13,19.3k,108,7,668,1.3k,25.0k,-,974,0,"Mjollnir,Wraith Band,Power Treads,Daedalus,Hurricane Pike,Imp Claw,Healing Salve",24,39,49,73.1k,443,20,2.8k,6.5k,104.2k,1.2k,1.8k,0
/matches/5385336462,won,Normal Skill,Normal,Turbo,SE Asia,28:02,2020-04-29,Drow Ranger,26,3,6,16,15.3k,53,5,584,1.3k,10.5k,-,4.5k,0,"Boots of Travel,Wraith Band,Manta Style,Hurricane Pike,Observer and Sentry Wards",32,28,77,99.5k,372,38,3.8k,6.8k,114.0k,1.1k,16.2k,0
/matches/5384441064,won,Normal Skill,Normal,Turbo,SE Asia,34:05,2020-04-28,Drow Ranger,30,7,5,10,25.4k,122,7,792,1.4k,17.4k,-,5.7k,0,"Silver Edge,Hurricane Pike,Black King Bar,Dust of Appearance,Boots of Travel,Observer Ward,Spider Legs,Healing Salve",34,26,78,124.5k,640,42,4.1k,7.5k,106.6k,430,15.0k,0
/matches/5383949056,won,Normal Skill,Normal,Turbo,SE Asia,27:46,2020-04-28,Drow Ranger,27,-,5,18,20.1k,109,4,769,1.3k,12.2k,-,5.2k,0,"Boots of Travel,Wraith Band,Silver Edge,Hurricane Pike,Titan Sliver",39,29,98,117.0k,472,18,4.6k,6.9k,117.6k,10.3k,23.2k,0
/matches/5383742767,won,Normal Skill,Normal,Turbo,SE Asia,24:15,2020-04-28,Juggernaut,27,6,2,18,19.5k,77,6,803,1.3k,16.6k,11.1k,4.7k,0,"Abyssal Blade,Quelling Blade,Phase Boots,Diffusal Blade,Greater Faerie Fire",35,9,73,94.0k,395,39,4.0k,6.5k,96.0k,17.0k,11.0k,0
/matches/5383555665,won,Normal Skill,Normal,Turbo,SE Asia,30:55,2020-04-28,Monkey King,28,2,5,9,19.2k,106,6,697,1.1k,12.6k,-,4.0k,1/-,"Blight Stone,Phase Boots,Echo Sabre,Diffusal Blade,Black King Bar,Silver Edge,Spider Legs,Quelling Blade,Magic Wand",22,17,45,102.0k,560,28,3.7k,5.8k,108.4k,4.4k,21.0k,8/5
/matches/5383483400,won,Normal Skill,Normal,Turbo,SE Asia,29:46,2020-04-28,Drow Ranger,28,7,1,16,23.2k,142,5,913,1.3k,11.4k,-,5.0k,0,"Boots of Travel,Healing Salve,Silver Edge,Manta Style,Black King Bar,Ring of Aquila,Wraith Band,Dragon Lance",35,14,48,111.7k,725,49,4.5k,7.0k,70.5k,-,26.9k,0
/matches/5382154926,won,Normal Skill,Normal,Turbo,SE Asia,46:50,2020-04-27,Drow Ranger,30,3,6,18,30.7k,159,10,673,1.1k,26.1k,-,6.1k,0,"Silver Edge,Manta Style,Boots of Travel,Hurricane Pike,Wraith Band,Black King Bar,Havoc Hammer",50,38,104,134.2k,742,22,4.0k,6.1k,242.0k,4.7k,16.9k,0
/matches/5382045387,lost,Normal Skill,Normal,Turbo,SE Asia,16:41,2020-04-27,Ursa,22,1,5,5,6.2k,41,2,375,1.3k,6.4k,1.4k,-,0,"Vladmir's Offering,Orb of Venom,Boots of Speed,Clarity,Ring of Aquila",6,31,17,33.0k,197,8,2.0k,6.2k,45.7k,1.4k,360,0
/matches/5381897676,won,Normal Skill,Normal,Turbo,SE Asia,17:15,2020-04-27,Drow Ranger,21,4,3,15,12.6k,54,11,727,1.1k,7.0k,-,3.3k,0,"Hurricane Pike,Wraith Band,Clarity,Boots of Travel,Shadow Blade,Philosopher's Stone",37,9,100,66.6k,197,30,3.9k,7.4k,65.1k,7.3k,8.9k,0
/matches/5381841800,won,Normal Skill,Normal,Turbo,SE Asia,23:04,2020-04-27,Drow Ranger,26,7,4,5,18.4k,78,2,802,1.3k,10.7k,-,4.6k,0,"Hurricane Pike,Wraith Band,Healing Salve,Boots of Travel,Butterfly,Shadow Blade,Broom Handle",26,16,47,97.6k,534,27,4.5k,6.6k,80.9k,10.3k,22.8k,0
/matches/5381607057,lost,Normal Skill,Normal,Turbo,SE Asia,26:59,2020-04-27,Drow Ranger,25,4,10,7,11.6k,73,5,472,1.1k,11.1k,-,248,-/-,"Clarity,Wraith Band,Power Treads,Hurricane Pike,Black King Bar,Titan Sliver",23,40,52,60.1k,333,13,2.4k,6.2k,91.2k,2.0k,478,11/11
/matches/5381546191,lost,Normal Skill,Normal,Turbo,SE Asia,31:37,2020-04-27,Legion Commander,28,2,9,12,13.6k,64,7,463,1.2k,12.5k,1.4k,154,0,"Blade Mail,Mithril Hammer,Power Treads,Monkey King Bar,Magic Stick,Blink Dagger,Poor Man's Shield,Ogre Axe",23,39,52,77.7k,423,23,2.8k,6.1k,111.9k,1.4k,778,0
/matches/5381496231,lost,Normal Skill,Normal,Turbo,SE Asia,22:21,2020-04-27,Legion Commander,22,2,6,9,7.9k,50,7,379,1.0k,7.8k,1.4k,-,0,"Sentry Ward,Quelling Blade,Blade Mail,Sange,Blight Stone,Blink Dagger,Ring of Aquila,Magic Wand",19,36,34,46.6k,272,17,2.2k,5.9k,57.8k,1.9k,23,0
/matches/5380834918,won,Normal Skill,Normal,Turbo,SE Asia,32:08,2020-04-26,Drow Ranger,28,2,4,12,22.6k,137,12,788,1.1k,22.4k,-,13.1k,0,"Silver Edge,Hurricane Pike,Black King Bar,Clarity,Power Treads,Paladin Sword,Boots of Travel,Grove Bow",24,14,47,104.8k,595,48,3.6k,5.8k,93.2k,558,26.0k,0
/matches/5380426571,won,Normal Skill,Normal,Turbo,SE Asia,43:20,2020-04-26,Drow Ranger,30,10,9,10,28.9k,129,8,745,1.2k,25.6k,-,4.3k,0,"Hurricane Pike,Silver Edge,Black King Bar,Monkey King Bar,Butterfly,Boots of Travel,Greater Faerie Fire",49,41,81,136.1k,664,22,4.2k,6.7k,177.2k,2.7k,15.3k,0
/matches/5380357983,lost,Normal Skill,Normal,Turbo,SE Asia,25:54,2020-04-26,Viper,23,4,10,9,9.2k,55,9,466,942,22.2k,-,319,0,"Blade Mail,Wraith Band,Boots of Speed,Dust of Appearance,Hurricane Pike,Grove Bow,Tango,Clarity",17,37,54,47.0k,248,13,2.0k,5.0k,78.1k,-,455,0
/matches/5415244137,won,Normal Skill,Normal,Turbo,SE Asia,18:47,2020-05-14,Viper,25,6,1,7,15.5k,53,9,800,1.5k,11.4k,-,1.7k,0,"Dragon Lance,Power Treads,Wraith Band,Faerie Fire,Magic Wand,Orchid Malevolence,Ocean Heart",28,5,47,72.4k,370,32,4.5k,7.5k,66.7k,7.1k,23.4k,0
/matches/5380209986,won,Normal Skill,Normal,Turbo,SE Asia,24:59,2020-04-26,Drow Ranger,30,6,2,15,21.3k,82,4,850,1.3k,24.2k,-,4.9k,0,"Silver Edge,Wraith Band,Power Treads,Morbid Mask,Butterfly,Dragon Lance,Clumsy Net",37,22,76,107.3k,416,25,4.5k,6.6k,115.3k,400,21.7k,0
/matches/5379975914,lost,Normal Skill,Normal,Turbo,SE Asia,19:55,2020-04-26,Weaver,21,-,7,7,7.8k,43,-,373,1.0k,7.7k,-,573,0,"Dragon Lance,Wraith Band,Faerie Fire,Desolator,Power Treads,Vampire Fangs",13,31,28,39.7k,162,15,2.0k,5.2k,43.8k,1.1k,747,0
/matches/5379925544,lost,Normal Skill,Normal,Turbo,SE Asia,23:56,2020-04-26,Sniper,22,2,5,5,11.4k,77,7,457,957,20.3k,-,798,0,"Tango,Iron Branch,Dragon Lance,Power Treads,Mjollnir,Pupil's Gift",10,28,22,50.8k,270,21,2.2k,5.0k,86.0k,1.6k,2.7k,0
/matches/5379887821,lost,Normal Skill,Normal,Turbo,SE Asia,18:37,2020-04-26,Phantom Assassin,18,1,7,4,6.7k,41,11,343,769,3.7k,-,-,0,"Phase Boots,Quelling Blade,Desolator",7,30,14,32.2k,209,28,1.7k,4.5k,27.1k,3.2k,744,0
/matches/5379839746,lost,Normal Skill,Normal,Turbo,SE Asia,23:49,2020-04-26,Axe,24,6,9,7,7.8k,29,-,403,1.2k,18.4k,-,-,0,"Blade Mail,Tranquil Boots,Blink Dagger",17,40,47,45.8k,238,15,2.0k,5.3k,69.6k,8.8k,286,0
/matches/5379803647,lost,Normal Skill,Normal,Turbo,SE Asia,19:18,2020-04-26,Phantom Assassin,18,1,11,6,4.1k,17,3,299,750,5.5k,-,-,0,"Tango,Quelling Blade,Blight Stone,Mithril Hammer,Phase Boots",9,47,19,28.1k,141,9,1.8k,3.5k,70.4k,-,914,0
/matches/5379655401,won,Normal Skill,Normal,Turbo,SE Asia,29:32,2020-04-26,Dazzle,26,2,6,17,10.8k,16,1,398,1.1k,8.2k,4.6k,282,0,"Mekansm,Observer Ward,Arcane Boots,Glimmer Cape,Boots of Travel,Force Staff,Dust of Appearance,Wind Lace",33,27,65,91.9k,338,20,3.2k,6.7k,122.6k,19.0k,10.5k,0
/matches/5379474539,lost,Normal Skill,Normal,Turbo,SE Asia,31:24,2020-04-26,Sven,28,9,6,11,24.6k,158,1,830,1.2k,19.6k,-,2.0k,0,"Black King Bar,Boots of Travel,Monkey King Bar,Echo Sabre,Power Treads,Blink Dagger,Imp Claw,Cheese",30,33,75,87.7k,428,11,3.2k,5.7k,101.6k,-,5.0k,0
/matches/5378274143,won,Normal Skill,Normal,Turbo,SE Asia,28:07,2020-04-25,Sand King,27,4,10,24,11.5k,14,-,535,1.2k,12.5k,-,1.5k,0,"Veil of Discord,Point Booster,Arcane Boots,Boots of Travel,Dust of Appearance,Blink Dagger,Ring of Aquila,Magic Stick,Staff of Wizardry,Blade of Alacrity",34,25,82,97.3k,311,17,3.6k,6.4k,123.8k,4.2k,12.3k,0
/matches/5378208690,lost,Normal Skill,Normal,Turbo,SE Asia,22:44,2020-04-25,Lion,25,1,9,8,4.6k,5,4,245,1.3k,6.3k,-,-,0,"Tranquil Boots,Blink Dagger",20,34,29,53.6k,262,36,2.4k,6.3k,57.1k,533,1.3k,0
/matches/5378123660,won,Normal Skill,Normal,Turbo,SE Asia,23:45,2020-04-25,Sven,29,10,4,14,20.5k,106,4,1.0k,1.4k,28.8k,-,7.7k,0,"Mask of Madness,Assault Cuirass,Echo Sabre,Power Treads,Black King Bar,Blink Dagger,Mind Breaker,Ocean Heart,Quelling Blade",40,20,79,94.9k,378,19,4.3k,7.3k,93.7k,-,21.0k,0
/matches/5377963723,lost,Normal Skill,Normal,Turbo,SE Asia,33:15,2020-04-25,Dragon Knight,28,4,8,4,13.5k,91,9,493,1.3k,15.1k,-,1.5k,0,"Black King Bar,Aghanim's Scepter,Power Treads,Shadow Blade,Greater Faerie Fire",24,39,40,77.4k,383,32,2.9k,6.3k,116.9k,1.7k,2.9k,0
/matches/5377908810,won,Normal Skill,Normal,Turbo,SE Asia,26:57,2020-04-25,Juggernaut,28,4,4,12,21.8k,129,8,804,1.2k,14.5k,5.8k,4.0k,0,"Phase Boots,Abyssal Blade,Aghanim's Scepter,Diffusal Blade,Orb of Destruction,Quelling Blade",30,16,51,93.9k,347,43,3.5k,6.3k,73.5k,6.0k,14.3k,0
/matches/5377701043,lost,Normal Skill,Normal,Turbo,SE Asia,24:26,2020-04-25,Sniper,25,4,5,6,11.7k,85,22,574,1.2k,23.9k,-,367,0,"Maelstrom,Wraith Band,Power Treads,Dragon Lance,Shadow Blade",13,30,32,52.5k,343,37,2.3k,6.1k,68.0k,4.4k,987,0
/matches/5377619444,lost,Normal Skill,Normal,All Pick,SE Asia,41:57,2020-04-25,Juggernaut,20,4,7,8,11.1k,167,5,292,444,10.1k,2.6k,1.4k,0,"Quelling Blade,Diffusal Blade,Phase Boots,Yasha,Skull Basher,Ring of Aquila,Flicker",36,42,59,48.3k,611,60,1.4k,2.3k,92.6k,4.2k,2.7k,0
/matches/5377569479,lost,Normal Skill,Normal,Turbo,SE Asia,21:58,2020-04-25,Phantom Assassin,25,2,6,4,7.3k,42,2,322,1.4k,9.0k,-,-,0,"Desolator,Phase Boots,Quelling Blade,Pupil's Gift",10,32,17,40.9k,254,18,1.9k,6.1k,46.5k,-,1.4k,0
/matches/5377423657,lost,Normal Skill,Normal,Turbo,SE Asia,28:56,2020-04-25,Phantom Assassin,26,5,8,6,16.8k,96,4,589,1.2k,14.6k,-,475,-/-,"Quelling Blade,Phase Boots,Desolator,Black King Bar,Abyssal Blade,Paladin Sword",24,30,46,74.6k,408,25,2.7k,5.6k,102.9k,3.9k,1.8k,14/10
/matches/5377354257,won,Normal Skill,Normal,Turbo,SE Asia,25:54,2020-04-25,Sven,29,3,7,12,20.9k,136,4,819,1.3k,15.0k,-,4.0k,0,"Power Treads,Quelling Blade,Echo Sabre,Blade Mail,Black King Bar,Blink Dagger,Orb of Destruction",38,37,71,96.1k,414,31,4.2k,7.5k,113.8k,5.1k,21.3k,0
/matches/5377286721,lost,Normal Skill,Normal,Turbo,SE Asia,37:17,2020-04-25,Phantom Assassin,29,7,9,10,16.1k,95,2,552,1.3k,29.7k,1.8k,631,0,"Desolator,Oblivion Staff,Black King Bar,Vladmir's Offering,Skull Basher,Phase Boots,Mind Breaker,Quarterstaff",33,39,72,93.6k,438,25,2.8k,6.1k,163.1k,1.8k,2.1k,0
/matches/5377258196,won,Normal Skill,Normal,Turbo,SE Asia,21:18,2020-04-25,Juggernaut,27,7,3,9,19.8k,92,8,954,1.5k,12.8k,7.0k,4.8k,0,"Diffusal Blade,Quelling Blade,Wraith Band,Magic Wand,Manta Style,Boots of Travel",30,12,54,97.8k,462,36,4.7k,7.4k,83.3k,7.0k,22.6k,0
/matches/5376392781,won,Normal Skill,Normal,Turbo,SE Asia,26:23,2020-04-24,Phantom Assassin,30,17,1,10,29.0k,145,21,1.2k,1.7k,54.9k,-,6.4k,0,"Battle Fury,Desolator,Phase Boots,Black King Bar,Butterfly,Abyssal Blade,Greater Faerie Fire,Moon Shard",38,22,65,99.3k,654,41,4.1k,7.3k,132.0k,780,18.7k,0
/matches/5376273810,lost,Normal Skill,Normal,All Pick,SE Asia,46:49,2020-04-24,Sniper,23,7,8,14,15.0k,257,7,393,513,34.3k,-,3.0k,0,"Power Treads,Wraith Band,Maelstrom,Dragon Lance,Hyperstone,Silver Edge,Grove Bow",30,46,72,55.4k,764,46,1.6k,2.6k,126.6k,-,8.6k,0
/matches/5376006737,won,Normal Skill,Normal,All Pick,SE Asia,55:16,2020-04-24,Juggernaut,27,6,8,27,17.3k,195,17,376,594,33.0k,14.3k,3.1k,0,"Diffusal Blade,Yasha,Battle Fury,Skull Basher,Enchanted Mango,Phase Boots,Repair Kit,Iron Branch",54,38,121,107.4k,1.2k,79,2.2k,3.1k,174.9k,14.6k,18.5k,0
/matches/5375687325,lost,Normal Skill,Normal,Turbo,SE Asia,29:28,2020-04-24,Juggernaut,27,2,6,16,19.5k,115,7,666,1.4k,34.0k,17.7k,2.4k,0,"Abyssal Blade,Diffusal Blade,Quelling Blade,Manta Style,Phase Boots,Ironwood Tree,Iron Branch,Titan Sliver",25,32,60,89.7k,513,26,3.4k,6.5k,118.1k,31.0k,14.1k,0
/matches/5375629039,won,Normal Skill,Normal,Turbo,SE Asia,26:57,2020-04-24,Juggernaut,28,8,0,13,24.6k,115,3,910,1.2k,16.6k,23.3k,6.0k,0,"Skull Basher,Manta Style,Battle Fury,Enchanted Mango,Phase Boots,Paladin Sword",38,10,101,94.7k,294,19,3.5k,5.6k,88.0k,26.4k,16.2k,0
/matches/5375555217,lost,Normal Skill,Normal,Turbo,SE Asia,21:48,2020-04-24,Juggernaut,22,4,6,5,9.3k,68,3,444,1.0k,10.6k,1.5k,-,0,"Diffusal Blade,Quelling Blade,Phase Boots,Magic Stick,Healing Salve,Shadow Blade,Imp Claw,Enchanted Mango,Tango",13,29,26,40.3k,256,27,2.0k,5.6k,77.4k,1.5k,230,0
/matches/5375414276,won,Normal Skill,Normal,Turbo,SE Asia,24:04,2020-04-24,Juggernaut,27,2,4,9,16.7k,85,1,711,1.2k,10.1k,7.3k,4.2k,0,"Phase Boots,Quelling Blade,Diffusal Blade,Enchanted Mango,Manta Style,Ironwood Tree",28,17,32,91.9k,522,44,4.2k,6.4k,77.6k,7.3k,19.6k,0
/matches/5375298228,won,Normal Skill,Normal,Turbo,SE Asia,26:31,2020-04-24,Juggernaut,29,5,3,10,22.2k,133,14,882,1.3k,15.4k,6.9k,2.9k,-/-,"Quelling Blade,Phase Boots,Diffusal Blade,Manta Style,Abyssal Blade,Dust of Appearance,Ring of Aquila",30,24,55,93.9k,417,37,3.9k,7.0k,83.7k,6.9k,16.9k,13/20
/matches/5375278067,lost,Normal Skill,Normal,Turbo,SE Asia,17:32,2020-04-24,Slark,19,1,5,-,4.2k,19,1,223,900,1.4k,-,-,0,"Tango,Quelling Blade,Orb of Venom,Iron Branch,Power Treads,Shadow Amulet",5,35,10,28.5k,205,21,1.7k,4.8k,31.0k,2.3k,716,0
/matches/5375251568,lost,Normal Skill,Normal,Turbo,SE Asia,24:38,2020-04-24,Sven,23,-,4,2,13.7k,138,4,558,1.0k,5.0k,-,106,0,"Blink Dagger,Hyperstone,Dust of Appearance,Power Treads,Echo Sabre,Black King Bar,Pupil's Gift,Quelling Blade",10,30,20,50.8k,364,32,2.2k,4.8k,55.9k,-,825,0
/matches/5374385078,lost,Normal Skill,Normal,All Pick,SE Asia,1:10:02,2020-04-23,Sven,27,2,10,14,20.3k,438,8,379,593,31.9k,-,2.3k,0,"Satanic,Echo Sabre,Power Treads,Monkey King Bar,Black King Bar,Blink Dagger,Vambrace",41,50,58,89.1k,1.7k,44,1.9k,2.9k,224.6k,469,13.1k,0
/matches/5374247944,won,Normal Skill,Normal,All Pick,SE Asia,36:07,2020-04-23,Sniper,21,5,5,16,16.4k,218,19,481,537,25.2k,-,6.5k,0,"Shadow Blade,Power Treads,Maelstrom,Dragon Lance,Mask of Madness,Vampire Fangs,Wraith Band",34,23,75,66.5k,741,33,2.0k,2.6k,84.6k,8.6k,20.8k,0
/matches/5374122081,won,Normal Skill,Normal,All Pick,SE Asia,48:21,2020-04-23,Wraith King,27,13,6,18,18.3k,212,23,476,668,39.8k,5.2k,5.3k,0,"Desolator,Quelling Blade,Assault Cuirass,Black King Bar,Power Treads,Echo Sabre,Philosopher's Stone,Iron Branch",38,36,98,71.2k,824,46,1.8k,3.0k,157.0k,31.6k,14.5k,0
/matches/5373665691,won,Normal Skill,Normal,Turbo,SE Asia,26:24,2020-04-23,Wraith King,28,7,5,12,20.6k,64,10,779,1.3k,17.9k,3.9k,5.0k,0,"Assault Cuirass,Quelling Blade,Desolator,Blade Mail,Power Treads,Echo Sabre,Imp Claw",31,27,88,100.8k,376,22,4.0k,6.0k,97.1k,15.6k,23.6k,0
/matches/5373619472,lost,Normal Skill,Normal,Turbo,SE Asia,29:19,2020-04-23,Weaver,25,4,8,10,16.0k,75,5,539,962,11.9k,-,3.0k,0,"Linken's Sphere,Wraith Band,Power Treads,Desolator,Hurricane Pike,Quickening Charm",30,34,55,89.5k,470,25,3.3k,6.2k,110.5k,2.5k,10.5k,0
/matches/5373273375,lost,Normal Skill,Normal,All Pick,SE Asia,40:14,2020-04-23,Sniper,21,7,10,5,11.8k,140,18,327,483,20.4k,-,1.0k,0,"Hurricane Pike,Wraith Band,Maelstrom,Power Treads,Crystalys,Repair Kit",23,35,46,49.6k,599,52,1.4k,2.2k,85.4k,2.6k,1.4k,0
/matches/5372379209,lost,Normal Skill,Normal,All Pick,SE Asia,47:16,2020-04-22,Slark,21,-,9,3,8.8k,142,19,234,402,5.0k,-,395,0,"Echo Sabre,Quelling Blade,Magic Stick,Power Treads,Black King Bar",14,39,21,55.6k,816,48,1.5k,2.2k,73.6k,-,4.7k,0
/matches/4905300697,lost,Unknown Skill,Normal,All Pick,SE Asia,47:12,2019-07-15,Monkey King,24,5,10,11,11.9k,167,13,392,586,16.6k,-,759,0,"Diffusal Blade,Echo Sabre,Quelling Blade,Desolator,Dust of Appearance,Boots of Travel,Stout Shield",32,41,52,67.5k,799,41,2.1k,2.8k,93.2k,109,3.4k,0
/matches/4903551171,won,Normal Skill,Normal,All Pick,SE Asia,45:18,2019-07-14,Monkey King,23,2,16,16,13.3k,120,3,349,557,12.5k,-,-,0,"Quelling Blade,Echo Sabre,Black King Bar,Desolator,Phase Boots,Stout Shield",41,54,73,85.9k,875,45,2.4k,3.4k,114.3k,-,25.3k,0
/matches/4902751885,lost,High Skill,Normal,All Pick,SE Asia,49:27,2019-07-14,Monkey King,25,9,14,18,18.4k,165,8,435,808,45.4k,-,76,0,"Desolator,Silver Edge,Black King Bar,Echo Sabre,Phase Boots,Stout Shield",52,61,88,92.3k,807,32,2.3k,3.4k,173.9k,6.5k,5.8k,0
/matches/4900954667,lost,Normal Skill,Normal,All Pick,SE Asia,42:26,2019-07-13,Sniper,21,4,9,9,10.9k,112,25,331,485,22.7k,-,221,0,"Wraith Band,Power Treads,Dragon Lance,Shadow Blade,Maelstrom,Sentry Ward",18,51,32,63.2k,826,60,1.8k,2.7k,95.8k,1.3k,1.0k,0
/matches/4898721785,lost,Normal Skill,Normal,All Pick,SE Asia,46:05,2019-07-12,Sniper,17,2,14,11,5.7k,107,16,278,293,20.9k,-,735,-/-,"Power Treads,Dust of Appearance,Dragon Lance,Mithril Hammer,Wraith Band",19,67,49,64.1k,833,35,1.9k,2.6k,84.8k,441,3.8k,19/30
/matches/4898597041,lost,Normal Skill,Normal,All Pick,SE Asia,53:54,2019-07-12,Riki,25,6,6,18,16.0k,132,18,368,593,20.0k,4.6k,1.6k,0,"Wraith Band,Diffusal Blade,Power Treads,Vladmir's Offering,Sange and Yasha,Skull Basher",43,54,87,93.3k,1.2k,49,2.3k,3.3k,203.7k,4.6k,15.1k,0
/matches/4898484036,won,Normal Skill,Normal,All Pick,SE Asia,42:27,2019-07-12,Riki,19,5,12,19,11.8k,50,7,315,377,14.8k,666,738,0,"Wraith Band,Power Treads,Diffusal Blade,Vladmir's Offering,Quarterstaff,Talisman of Evasion",49,30,90,99.0k,869,56,2.5k,3.3k,129.7k,6.0k,19.7k,0
/matches/4898402845,won,Normal Skill,Normal,All Pick,SE Asia,35:51,2019-07-12,Riki,20,8,3,15,12.0k,54,29,367,485,13.7k,-,705,0,"Wraith Band,Power Treads,Diffusal Blade,Sange and Yasha",42,17,65,89.4k,1.1k,85,2.7k,3.5k,105.5k,-,24.1k,0
/matches/4898373601,lost,Normal Skill,Normal,All Pick,SE Asia,28:16,2019-07-12,Sniper,15,4,4,5,2,73,17,310,384,15.3k,-,451,0,,13,29,13,19.9k,245,41,1.5k,1.4k,42.6k,-,762,0
/matches/4897740421,won,Normal Skill,Normal,All Pick,SE Asia,44:13,2019-07-11,Riki,25,15,9,21,16.5k,87,11,410,651,33.2k,-,1.0k,-/1,"Power Treads,Diffusal Blade,Sange and Yasha,Ring of Health,Skull Basher,Gem of True Sight,Recipe: Abyssal Blade,Stout Shield",53,33,114,93.1k,1.2k,52,2.4k,3.5k,193.7k,-,14.5k,14/5
/matches/5415901140,lost,Normal Skill,Normal,Turbo,SE Asia,22:04,2020-05-15,Sniper,22,5,2,1,14.6k,82,24,660,1.1k,34.4k,-,560,0,"Monkey King Bar,Dragon Lance,Power Treads,Silver Edge,Dragon Scale",13,24,20,51.6k,273,29,2.4k,5.5k,101.5k,1.5k,761,0
/matches/5415874753,lost,Normal Skill,Normal,Turbo,SE Asia,28:14,2020-05-15,Viper,26,3,8,11,12.3k,49,6,457,1.3k,16.8k,4.3k,83,0,"Guardian Greaves,Wraith Band,Magic Wand,Power Treads,Orchid Malevolence,Healing Salve",28,35,45,89.0k,463,34,3.4k,6.5k,140.2k,4.3k,1.2k,0
/matches/4897649695,won,Normal Skill,Normal,All Pick,SE Asia,43:24,2019-07-11,Sniper,20,2,12,21,13.1k,117,9,361,424,16.6k,-,197,0,"Wraith Band,Maelstrom,Dragon Lance,Shadow Blade,Boots of Travel,Yasha",47,39,80,99.4k,988,44,2.6k,3.4k,143.5k,-,22.4k,0
/matches/4896999918,lost,Normal Skill,Normal,All Pick,SE Asia,42:20,2019-07-11,Sniper,24,7,8,22,16.2k,213,13,468,599,33.5k,-,1.5k,0,"Wraith Band,Crystalys,Hurricane Pike,Mjollnir,Sentry Ward,Boots of Travel",49,40,81,70.2k,849,58,2.1k,3.2k,132.3k,576,5.0k,0
/matches/4896901638,won,Unknown Skill,Normal,All Pick,SE Asia,48:14,2019-07-11,Sniper,25,8,8,25,23.5k,240,39,531,714,39.5k,-,8.5k,0,"Wraith Band,Power Treads,Hurricane Pike,Mjollnir,Sange and Yasha,Crystalys",43,38,104,93.3k,880,71,2.3k,3.2k,137.3k,-,19.0k,0
/matches/4896849813,won,Normal Skill,Normal,All Pick,SE Asia,28:12,2019-07-11,Riki,18,7,1,18,12.1k,78,14,431,521,10.9k,-,1.5k,0,"Wraith Band,Diffusal Blade,Power Treads,Sange and Yasha",42,8,70,65.1k,542,47,2.4k,3.0k,90.3k,8.8k,20.3k,0
/matches/4896510398,won,Normal Skill,Normal,All Pick,SE Asia,38:58,2019-07-11,Sniper,22,13,3,13,19.7k,189,58,534,562,31.7k,-,8.6k,0,"Daedalus,Boots of Travel,Power Treads,Dragon Lance,Maelstrom,Monkey King Bar",47,12,88,85.6k,748,88,2.4k,3.0k,113.3k,640,21.6k,0
/matches/4896473051,lost,Normal Skill,Normal,All Pick,SE Asia,41:46,2019-07-11,Riki,18,1,8,4,2,57,17,244,342,7.9k,-,118,0,,21,48,32,41.2k,482,60,1.8k,2.3k,78.8k,-,2.3k,0
/matches/4895708225,lost,Normal Skill,Normal,All Pick,SE Asia,42:18,2019-07-10,Sniper,17,1,15,18,9.4k,112,20,300,331,18.7k,-,333,0,"Wraith Band,Power Treads,Mask of Madness,Dragon Lance,Shadow Blade",39,51,76,54.6k,490,40,1.7k,2.6k,124.1k,1.6k,1.7k,0
/matches/4891429359,lost,Normal Skill,Normal,All Pick,SE Asia,41:51,2019-07-08,Sniper,23,8,8,5,16.0k,194,35,425,554,27.9k,-,2.0k,0,"Shadow Blade,Power Treads,Dragon Lance,Monkey King Bar,Mask of Madness,Maelstrom",22,37,37,75.2k,969,59,2.1k,2.7k,82.6k,158,3.2k,0
/matches/4891199284,lost,Normal Skill,Normal,All Pick,SE Asia,34:33,2019-07-08,Sniper,19,3,8,7,10.8k,124,28,352,502,20.3k,-,121,0,"Dragon Lance,Power Treads,Maelstrom,Shadow Blade,Mask of Madness",19,51,34,36.4k,394,54,1.4k,2.0k,67.4k,730,994,0
/matches/4891061753,lost,Normal Skill,Normal,All Pick,SE Asia,41:27,2019-07-08,Sniper,22,5,9,10,14.6k,189,34,389,535,23.9k,-,592,0,"Silver Edge,Power Treads,Dragon Lance,Maelstrom,Wraith Band,Mask of Madness",27,39,41,56.9k,675,62,1.6k,2.3k,93.6k,277,787,0
/matches/4890979709,won,Normal Skill,Normal,All Pick,SE Asia,27:03,2019-07-08,Sniper,15,6,0,16,12.9k,100,10,464,413,14.0k,-,5.5k,0,"Wraith Band,Dragon Lance,Maelstrom,Power Treads,Mask of Madness",37,5,71,61.5k,512,53,2.4k,2.5k,69.4k,1.6k,23.0k,0
/matches/4889348164,won,Unknown Skill,Normal,All Pick,SE Asia,39:49,2019-07-07,Sniper,22,12,7,18,16.3k,194,20,507,574,28.5k,-,9.3k,0,"Silver Edge,Yasha,Power Treads,Dragon Lance,Maelstrom,Boots of Travel,Tango (Shared)",38,25,84,80.3k,781,41,2.4k,3.3k,95.4k,1.2k,26.2k,0
/matches/4888791504,won,Normal Skill,Normal,All Pick,SE Asia,57:50,2019-07-07,Sniper,25,8,10,21,21.6k,183,8,422,614,29.4k,-,2.0k,0,"Silver Edge,Power Treads,Wraith Band,Hurricane Pike,Gem of True Sight,Mask of Madness",49,47,80,115.8k,1.5k,57,2.4k,3.3k,216.7k,19.1k,14.2k,0
/matches/4887655295,lost,Unknown Skill,Normal,All Pick,SE Asia,49:36,2019-07-06,Sniper,25,13,9,15,20.4k,317,9,492,572,31.1k,-,2.0k,0,"Shadow Blade,Maelstrom,Power Treads,Dragon Lance,Monkey King Bar",42,41,86,88.6k,1.4k,32,2.3k,3.2k,163.9k,240,5.4k,0
/matches/4887194983,lost,Unknown Skill,Normal,All Pick,SE Asia,47:03,2019-07-06,Sniper,25,8,4,11,21.1k,221,32,484,697,37.1k,-,6.1k,0,"Silver Edge,Power Treads,Mask of Madness,Manta Style,Crystalys,Black King Bar",40,43,62,83.0k,892,58,2.2k,3.1k,130.7k,8.2k,13.0k,0
/matches/4886871541,won,Normal Skill,Normal,All Pick,SE Asia,46:44,2019-07-06,Sniper,25,12,5,20,22.6k,199,44,496,656,40.6k,-,2.1k,0,"Hurricane Pike,Maelstrom,Power Treads,Wraith Band,Monkey King Bar,Black King Bar",48,27,105,107.1k,1.3k,105,2.6k,3.2k,143.5k,474,17.5k,0
/matches/4885746735,won,Normal Skill,Normal,All Pick,SE Asia,40:10,2019-07-05,Sniper,25,10,5,23,17.0k,133,13,461,725,34.5k,-,4.8k,0,"Mask of Madness,Wraith Band,Boots of Travel,Dragon Lance,Maelstrom,Manta Style",52,28,86,85.3k,971,61,2.5k,3.7k,132.5k,6.0k,19.0k,0
/matches/4885360806,won,Unknown Skill,Normal,All Pick,SE Asia,41:37,2019-07-05,Sniper,24,5,3,9,18.8k,250,27,535,616,24.4k,-,9.0k,0,"Hurricane Pike,Wraith Band,Power Treads,Mjollnir,Crystalys,Demon Edge",34,39,43,79.5k,774,55,2.2k,3.0k,103.0k,3.4k,22.0k,0
/matches/2525137304,won,Unknown Skill,Normal,All Pick,SE Asia,48:41,2016-07-24,Sven,24,9,3,9,23.7k,287,8,569,655,13.0k,-,5.7k,0,"Boots of Travel,Helm of the Dominator,Daedalus,Black King Bar,Echo Sabre,Blink Dagger",34,35,55,100.0k,1.2k,32,2.6k,2.8k,60.8k,33,9.7k,0
/matches/2512895786,lost,Normal Skill,Normal,All Pick,SE Asia,47:02,2016-07-18,Sven,19,4,7,15,12.3k,119,8,334,426,8.5k,-,514,0,"Blink Dagger,Black King Bar,Helm of the Dominator,Power Treads,Town Portal Scroll,Dust of Appearance",31,41,60,64.1k,759,32,1.8k,2.2k,51.2k,870,2.5k,0
/matches/2512377078,won,Normal Skill,Normal,All Pick,SE Asia,45:11,2016-07-18,Sven,23,9,6,19,24.1k,271,14,578,655,10.8k,-,1.7k,0,"Blink Dagger,Helm of the Dominator,Bloodthorn,Power Treads,Black King Bar,Echo Sabre",55,30,102,93.1k,778,37,2.4k,3.0k,66.4k,688,14.3k,0
/matches/2510270739,lost,High Skill,Normal,All Pick,SE Asia,46:22,2016-07-17,Sniper,19,2,4,18,16.4k,171,19,381,430,13.6k,-,820,0,"Dragon Lance,Diffusal Blade,Helm of the Dominator,Town Portal Scroll,Yasha,Phase Boots",34,37,60,69.4k,726,30,1.9k,2.4k,62.0k,332,3.1k,0
/matches/2509393450,lost,High Skill,Normal,All Pick,SE Asia,1:04:04,2016-07-17,Slardar,23,5,10,20,14.4k,153,5,305,464,6.1k,382,125,0,"Shadow Blade,Guardian Greaves,Lotus Orb,Blink Dagger",46,41,68,121.8k,2.2k,26,2.6k,2.5k,77.2k,585,4.6k,0
/matches/2509288719,won,High Skill,Normal,All Pick,SE Asia,32:27,2016-07-17,Sven,17,1,2,8,15.0k,175,5,470,511,4.5k,-,1.1k,0,"Blink Dagger,Helm of the Dominator,Echo Sabre,Power Treads,Crystalys,Recipe: Daedalus",41,11,74,77.8k,628,14,2.6k,2.8k,66.6k,-,8.0k,0
/matches/2508406178,won,Normal Skill,Normal,All Pick,SE Asia,25:08,2016-07-16,Sven,15,5,0,4,14.7k,80,7,568,474,4.5k,-,1.3k,0,"Mask of Madness,Bracer,Magic Wand,Crystalys,Power Treads,Blink Dagger",32,6,31,55.2k,394,20,2.8k,2.1k,42.6k,1.8k,10.5k,0
/matches/2508146253,won,Normal Skill,Normal,All Pick,SE Asia,35:21,2016-07-16,Huskar,13,2,13,5,8.0k,35,6,313,292,7.7k,-,135,0,"Armlet of Mordiggian,Boots of Speed,Town Portal Scroll,Helm of the Dominator",35,22,49,86.4k,668,14,2.7k,2.6k,58.6k,-,9.2k,0
/matches/2507617481,won,Normal Skill,Normal,All Pick,SE Asia,39:53,2016-07-16,Weaver,19,5,3,13,15.2k,184,23,452,492,6.3k,-,3.1k,0,"Blink Dagger,Ring of Aquila,Mithril Hammer,Boots of Speed,Monkey King Bar,Linken's Sphere",45,19,57,84.9k,817,64,2.4k,2.9k,58.6k,612,12.1k,0
/matches/2507336853,won,High Skill,Normal,All Pick,SE Asia,50:25,2016-07-16,Drow Ranger,21,7,14,18,8.1k,95,3,357,458,7.6k,-,1.9k,0,"Shadow Blade,Boots of Speed,Helm of the Dominator,Ring of Aquila",50,55,92,85.2k,921,13,2.5k,2.8k,74.9k,1.5k,8.0k,0
/matches/2507114701,lost,Unknown Skill,Normal,All Pick,SE Asia,59:01,2016-07-16,Slark,25,8,9,18,20.4k,155,7,412,551,10.6k,30,921,0,"Silver Edge,Eye of Skadi,Vladmir's Offering,Boots of Travel,Black King Bar",49,59,85,85.5k,1.1k,46,2.1k,2.3k,73.7k,30,5.7k,0
/matches/2503694371,won,Normal Skill,Normal,All Pick,SE Asia,37:07,2016-07-14,Slark,22,15,2,17,18.6k,132,4,556,714,14.2k,-,1.8k,0,"Silver Edge,Echo Sabre,Eye of Skadi,Power Treads,Boots of Travel",52,26,97,81.2k,639,15,2.6k,2.9k,71.5k,367,11.0k,0
/matches/2503103192,lost,Normal Skill,Normal,All Pick,SE Asia,1:09:39,2016-07-14,Phantom Lancer,25,11,11,13,21.2k,256,2,426,465,15.4k,677,1.6k,0,"Diffusal Blade (level 2),Manta Style,Vladmir's Offering,Power Treads,Butterfly",47,59,59,125.4k,2.0k,8,2.4k,2.1k,84.1k,2.9k,5.9k,0
/matches/2501445212,lost,Normal Skill,Normal,All Pick,SE Asia,38:12,2016-07-13,Riki,16,7,9,8,9.2k,33,2,299,396,8.4k,-,-,0,"Power Treads,Diffusal Blade (level 2),Yasha,Dust of Appearance",23,40,37,52.2k,536,9,1.7k,2.1k,37.6k,488,441,0
/matches/2500786304,won,Normal Skill,Normal,All Pick,SE Asia,47:33,2016-07-13,Slark,25,14,4,15,21.9k,142,-,507,704,19.5k,-,2.2k,0,"Silver Edge,Black King Bar,Eye of Skadi,Boots of Speed,Echo Sabre",49,34,65,95.9k,970,18,2.5k,3.0k,70.6k,-,12.3k,0
/matches/2499783675,won,Normal Skill,Normal,All Pick,SE Asia,37:30,2016-07-12,Drow Ranger,15,1,11,9,11.0k,127,4,381,320,2.6k,-,2.1k,0,"Javelin,Boots of Travel,Shadow Blade,Dragon Lance,Mask of Madness",33,24,45,75.0k,739,18,2.3k,2.3k,47.3k,377,11.0k,0
/matches/2499500293,won,Normal Skill,Normal,All Pick,SE Asia,32:56,2016-07-12,Huskar,15,6,8,15,12.8k,103,10,453,393,12.1k,-,3.6k,0,"Armlet of Mordiggian,Power Treads,Sange,Town Portal Scroll,Helm of the Dominator",38,17,67,68.8k,544,33,2.3k,2.4k,55.2k,2.1k,9.6k,0
/matches/2496704259,lost,Normal Skill,Normal,All Pick,SE Asia,41:03,2016-07-11,Alchemist,15,-,6,5,10.3k,118,2,284,320,5.0k,202,391,0,"Blink Dagger,Vladmir's Offering,Quelling Blade,Bottle,Boots of Travel",13,33,25,51.8k,698,24,1.5k,1.8k,34.8k,1.3k,481,0
/matches/2496438091,won,Normal Skill,Normal,All Pick,SE Asia,33:34,2016-07-11,Alchemist,20,6,2,5,20.4k,175,3,668,661,9.0k,-,2.0k,0,"Armlet of Mordiggian,Mjollnir,Moon Shard,Monkey King Bar,Boots of Travel",31,23,48,69.2k,499,11,2.4k,2.2k,51.6k,7.0k,10.6k,0
/matches/2494032932,lost,Unknown Skill,Normal,All Pick,SE Asia,1:07:03,2016-07-10,Sniper,16,4,8,8,3,61,9,267,203,10.7k,-,208,0,,49,47,30,84.2k,1.3k,29,2.5k,1.4k,76.3k,194,6.8k,0
/matches/2481847736,won,High Skill,Normal,All Pick,SE Asia,55:32,2016-07-04,Pudge,22,7,8,28,16.6k,113,3,390,454,15.5k,2.4k,2.0k,0,"Blade Mail,Heart of Tarrasque,Point Booster,Aether Lens,Boots of Travel,Blink Dagger",56,37,95,112.1k,1.2k,25,2.5k,2.7k,99.3k,2.9k,9.4k,0
/matches/2457811110,lost,Normal Skill,Normal,All Pick,SE Asia,37:01,2016-06-24,Bounty Hunter,17,1,10,17,9.6k,30,3,352,455,2.6k,203,-,0,"Force Staff,Vladmir's Offering,Urn of Shadows,Observer and Sentry Wards,Arcane Boots,Town Portal Scroll",26,45,45,50.1k,530,46,1.7k,2.1k,45.0k,530,187,0
/matches/2448199456,won,Normal Skill,Normal,All Pick,SE Asia,1:06:24,2016-06-19,Alchemist,25,6,11,20,23.9k,353,2,623,488,8.7k,-,853,0,"Black King Bar,Mjollnir,Skull Basher,Assault Cuirass,Boots of Travel",48,58,106,115.4k,1.3k,37,2.4k,2.1k,76.3k,-,11.5k,0
/matches/2447898156,won,High Skill,Normal,All Pick,SE Asia,38:11,2016-06-19,Axe,15,1,9,7,9.2k,109,1,338,320,5.1k,-,62,0,"Blink Dagger,Boots of Travel,Blade Mail",24,19,45,84.0k,731,13,2.6k,2.3k,55.5k,-,12.5k,0
/matches/2446855068,lost,Normal Skill,Normal,All Pick,SE Asia,38:26,2016-06-19,Riki,18,11,7,8,12.1k,70,6,372,489,13.4k,-,130,0,"Diffusal Blade (level 2),Power Treads,Echo Sabre,Yasha",27,49,46,50.0k,550,14,1.7k,2.1k,48.1k,-,314,0
/matches/2446370586,lost,High Skill,Normal,All Pick,SE Asia,25:00,2016-06-19,Alchemist,8,-,3,1,1,42,6,271,153,2.8k,-,11,0,,20,36,25,23.2k,132,8,2.0k,1.5k,27.1k,-,15,0
/matches/2445399664,lost,High Skill,Normal,All Pick,SE Asia,38:16,2016-06-18,Drow Ranger,12,1,8,1,6.5k,60,1,217,228,2.1k,-,622,0,"Blink Dagger,Wraith Band,Phase Boots,Mask of Madness,Town Portal Scroll",18,40,13,56.5k,672,22,1.8k,2.1k,36.2k,-,1.2k,0
/matches/2442681334,won,High Skill,Normal,All Pick,SE Asia,40:56,2016-06-17,Sniper,18,2,7,21,14.5k,127,5,413,446,9.4k,-,1.4k,0,"Mask of Madness,Wraith Band,Phase Boots,Shadow Blade,Monkey King Bar",43,29,69,114.9k,1.2k,16,3.2k,3.4k,62.6k,1.1k,11.4k,0
/matches/2442019864,lost,High Skill,Normal,All Pick,SE Asia,29:54,2016-06-17,Weaver,15,5,3,2,8.9k,120,6,350,451,6.7k,-,96,0,"Ring of Aquila,Linken's Sphere,Boots of Speed,Mithril Hammer",15,27,11,32.0k,439,9,1.5k,1.8k,27.0k,-,235,0
/matches/2441930561,won,Normal Skill,Normal,All Pick,SE Asia,22:21,2016-06-17,Drow Ranger,14,8,2,4,14.4k,86,4,664,503,8.0k,-,3.7k,0,"Boots of Travel,Shadow Blade,Mask of Madness,Yasha,Clarity",13,13,19,50.0k,340,9,2.6k,1.7k,21.6k,250,10.2k,0
/matches/2435676683,lost,Normal Skill,Normal,All Pick,SE Asia,34:58,2016-06-14,Sniper,15,5,5,8,4,120,5,374,367,12.4k,-,277,0,,15,29,26,42.4k,486,29,2.0k,1.6k,31.1k,-,2.6k,0
/matches/2433798780,won,Unknown Skill,Normal,All Pick,SE Asia,54:16,2016-06-13,Dragon Knight,25,13,1,14,28.8k,286,3,562,597,12.3k,-,4.7k,0,"Satanic,Armlet of Mordiggian,Black King Bar,Power Treads,Heart of Tarrasque,Assault Cuirass",42,25,56,101.0k,954,14,2.3k,2.4k,67.7k,-,9.5k,0
/matches/5416027607,won,Normal Skill,Normal,Turbo,SE Asia,23:58,2020-05-15,Juggernaut,26,5,4,6,18.6k,140,9,964,1.4k,21.3k,2.6k,8.8k,0,"Diffusal Blade,Phase Boots,Quelling Blade,Abyssal Blade,Manta Style,Mask of Madness,Trusty Shovel,Slippers of Agility",31,13,44,100.0k,499,26,4.5k,6.8k,120.0k,2.6k,20.6k,0
/matches/5415993883,won,Normal Skill,Normal,Turbo,SE Asia,27:50,2020-05-15,Juggernaut,30,8,3,11,25.3k,128,6,1.1k,1.5k,22.5k,2.3k,7.0k,0,"Boots of Travel,Manta Style,Diffusal Blade,Abyssal Blade,Monkey King Bar,Mask of Madness,Greater Faerie Fire,Quelling Blade",34,25,74,107.8k,452,25,4.7k,7.1k,135.6k,2.3k,16.8k,0
/matches/2433599886,won,Normal Skill,Normal,All Pick,SE Asia,44:34,2016-06-13,Sniper,24,19,5,29,22.9k,199,5,587,709,26.8k,-,3.3k,0,"Mask of Madness,Silver Edge,Eye of Skadi,Boots of Travel,Dragon Lance",65,33,98,87.3k,750,17,2.5k,3.0k,88.3k,-,10.1k,0
/matches/2433166563,won,Normal Skill,Normal,All Pick,SE Asia,35:17,2016-06-13,Sniper,19,14,5,13,18.5k,148,5,591,581,20.5k,-,1.9k,0,"Blink Dagger,Eye of Skadi,Mask of Madness,Maelstrom,Crystalys,Boots of Travel",39,19,53,76.9k,640,15,2.5k,2.7k,55.8k,1.3k,12.7k,0
/matches/2432705398,lost,Normal Skill,Normal,All Pick,SE Asia,32:41,2016-06-13,Clinkz,14,3,9,10,5.8k,43,3,302,355,5.1k,-,-,0,"Ring of Aquila,Oblivion Staff,Boots of Speed,Bottle,Town Portal Scroll",22,40,40,42.0k,321,15,1.7k,2.0k,40.3k,2.9k,469,0
/matches/2431828126,won,Normal Skill,Normal,All Pick,SE Asia,30:04,2016-06-12,Bounty Hunter,15,4,4,15,14.0k,16,4,490,397,3.1k,137,264,0,"Desolator,Orb of Venom,Vladmir's Offering,Urn of Shadows,Enchanted Mango,Boots of Travel",34,17,57,76.1k,470,23,3.0k,2.5k,46.9k,137,12.9k,0
/matches/2431177617,won,Normal Skill,Normal,All Pick,SE Asia,31:45,2016-06-12,Clinkz,20,12,2,8,17.7k,137,6,615,659,14.6k,-,5.8k,0,"Orchid Malevolence,Diffusal Blade,Boots of Speed,Eye of Skadi,Dragon Lance",33,12,35,80.6k,691,20,2.7k,2.8k,43.0k,1.1k,9.8k,0
/matches/5417165501,won,Normal Skill,Normal,Turbo,SE Asia,39:21,2020-05-15,Lion,29,2,12,11,13.6k,35,4,443,1.3k,6.6k,-,145,0,"Aghanim's Scepter,Observer and Sentry Wards,Boots of Travel,Blink Dagger,Cheese",36,29,53,135.5k,724,17,4.1k,7.2k,121.6k,1.9k,18.3k,0
/matches/5417090507,lost,Normal Skill,Normal,Turbo,SE Asia,40:22,2020-05-15,Sniper,30,11,8,7,24.0k,158,29,835,1.4k,42.3k,-,384,0,"Mjollnir,Black King Bar,Monkey King Bar,Power Treads,Aghanim's Scepter,Shadow Blade,Orb of Destruction,Sacred Relic",30,42,57,106.0k,530,46,3.4k,7.3k,141.5k,-,3.3k,0
/matches/5417036815,lost,Normal Skill,Normal,Turbo,SE Asia,26:27,2020-05-15,Lion,24,1,9,6,6.8k,5,1,252,1.0k,7.2k,-,-,0,"Tranquil Boots,Kaya,Blink Dagger",6,37,24,56.9k,311,13,2.2k,5.6k,57.6k,763,391,0
/matches/5416694407,lost,Normal Skill,Normal,Turbo,SE Asia,29:36,2020-05-15,Viper,27,9,6,13,18.9k,78,16,669,1.3k,27.3k,-,2.1k,0,"Manta Style,Power Treads,Wraith Band,Monkey King Bar,Dragon Lance,Black King Bar,Enchanted Quiver",26,35,56,78.7k,382,30,2.8k,5.8k,83.5k,-,6.7k,0
/matches/5416634931,lost,Normal Skill,Normal,Turbo,SE Asia,21:37,2020-05-15,Sniper,22,-,1,5,11.3k,96,13,626,1.0k,10.5k,-,803,0,"Aghanim's Scepter,Wraith Band,Wraith Band,Power Treads,Dragon Lance,Shadow Blade,Clumsy Net,Tango",9,18,15,52.5k,369,25,3.0k,4.8k,41.7k,-,1.4k,0
/matches/5416477469,lost,Normal Skill,Normal,Turbo,SE Asia,40:51,2020-05-15,Sniper,28,4,6,12,25.4k,124,23,649,1.0k,26.4k,-,891,0,"Mjollnir,Power Treads,Daedalus,Daedalus,Dragon Lance,Shadow Blade,Imp Claw",32,38,58,107.7k,549,27,3.1k,6.4k,141.2k,1.1k,4.4k,0
/matches/5416254642,won,Normal Skill,Normal,Turbo,SE Asia,22:48,2020-05-15,Juggernaut,27,6,7,6,13.5k,112,4,846,1.3k,12.9k,3.6k,3.5k,0,"Diffusal Blade,Phase Boots,Manta Style,Enchanted Mango,Quelling Blade,Ring of Health,Ironwood Tree,Wraith Band,Dust of Appearance,Skull Basher",27,21,38,78.7k,497,20,4.2k,7.1k,71.4k,3.6k,14.2k,0
/matches/5416102156,lost,Normal Skill,Normal,Turbo,SE Asia,33:28,2020-05-15,Juggernaut,30,17,4,5,33.2k,154,10,1.0k,1.2k,38.5k,3.5k,5.9k,-/-,"Moon Shard,Phase Boots,Diffusal Blade,Manta Style,Mask of Madness,Abyssal Blade,Butterfly,Dragon Scale,Quelling Blade,Dust of Appearance",29,36,62,90.2k,404,16,3.0k,5.3k,107.4k,3.5k,11.1k,0
/matches/5417743872,lost,Normal Skill,Normal,Turbo,SE Asia,35:53,2020-05-16,Juggernaut,29,5,5,18,24.2k,121,10,694,1.3k,31.6k,11.2k,982,0,"Phase Boots,Manta Style,Diffusal Blade,Butterfly,Enchanted Mango,Abyssal Blade,Mind Breaker",31,34,76,92.4k,383,26,2.9k,6.3k,161.1k,11.2k,4.2k,0
/matches/5417645953,lost,Normal Skill,Normal,Turbo,SE Asia,29:31,2020-05-16,Sniper,27,2,10,11,15.0k,79,8,547,1.2k,25.4k,-,133,0,"Silver Edge,Wraith Band,Wraith Band,Power Treads,Sentry Ward,Aghanim's Scepter,Ocean Heart,Wraith Band",21,45,50,83.4k,420,23,3.0k,6.3k,134.2k,-,391,0
/matches/5417621311,won,Normal Skill,Normal,Turbo,SE Asia,23:39,2020-05-16,Sniper,28,13,2,17,26.1k,112,14,1.2k,1.6k,25.5k,-,5.2k,0,"Aghanim's Scepter,Moon Shard,Boots of Travel,Daedalus,Hurricane Pike",40,11,76,113.2k,596,26,5.0k,7.5k,108.5k,1.6k,14.1k,0
/matches/5417917910,won,Normal Skill,Normal,Turbo,SE Asia,17:33,2020-05-16,Sniper,23,7,0,4,20.0k,133,19,1.1k,1.3k,16.5k,-,3.7k,0,"Moon Shard,Divine Rapier,Wraith Band,Wraith Band,Power Treads,Mjollnir,Ring of Aquila",15,1,25,68.2k,351,23,3.9k,5.1k,37.2k,3.4k,14.9k,0
/matches/5418660117,lost,Normal Skill,Normal,Turbo,SE Asia,34:21,2020-05-16,Sniper,28,8,8,17,23.1k,133,15,757,1.2k,38.3k,-,1.4k,0,"Monkey King Bar,Shadow Blade,Maelstrom,Black King Bar,Power Treads,Hurricane Pike,Enchanted Quiver,Ultimate Orb",30,42,83,94.2k,557,25,3.2k,6.2k,146.8k,260,7.4k,0
/matches/5418097145,won,Normal Skill,Normal,Turbo,SE Asia,21:15,2020-05-16,Wraith King,25,6,2,10,16.8k,45,13,787,1.3k,15.1k,3.2k,5.1k,0,"Assault Cuirass,Quelling Blade,Magic Wand,Power Treads,Silver Edge,Clumsy Net",20,9,49,94.7k,446,44,4.5k,6.9k,74.6k,5.9k,18.1k,0
/matches/5418048698,won,Normal Skill,Normal,Turbo,SE Asia,27:35,2020-05-16,Lion,23,3,6,7,10.6k,14,6,422,937,4.8k,-,139,0,"Glimmer Cape,Mekansm,Tranquil Boots,Arcane Boots,Staff of Wizardry,Blink Dagger,Observer and Sentry Wards",25,20,42,106.1k,543,26,4.0k,5.8k,69.9k,-,14.4k,0
/matches/5420253408,won,Normal Skill,Normal,Turbo,SE Asia,27:31,2020-05-17,Juggernaut,28,2,4,14,22.1k,133,8,826,1.3k,13.8k,4.0k,2.6k,0,"Abyssal Blade,Phase Boots,Battle Fury,Wraith Band,Diffusal Blade,Mind Breaker,Quickening Charm",28,20,66,98.8k,437,32,3.9k,6.7k,87.5k,4.4k,14.8k,0
/matches/5420199582,lost,Normal Skill,Normal,Turbo,SE Asia,29:21,2020-05-17,Phantom Assassin,27,5,11,6,14.3k,80,5,614,1.2k,14.6k,-,124,0,"Black King Bar,Wraith Band,Quelling Blade,Skull Basher,Desolator,Phase Boots,Imp Claw",23,36,39,82.2k,328,28,3.1k,6.9k,68.2k,1.9k,2.6k,0
/matches/5420156870,won,Normal Skill,Normal,Turbo,SE Asia,19:21,2020-05-17,Sniper,28,18,2,5,28.4k,102,13,1.5k,1.7k,29.0k,-,6.7k,0,"Hurricane Pike,Mjollnir,Moon Shard,Wraith Band,Monkey King Bar,Power Treads,Pupil's Gift",29,14,56,87.6k,294,29,4.6k,7.5k,69.8k,713,21.2k,0
/matches/5419828838,lost,Normal Skill,Normal,Turbo,SE Asia,35:05,2020-05-17,Monkey King,29,9,7,8,21.0k,156,10,852,1.4k,27.6k,-,1.4k,-/1,"Phase Boots,Echo Sabre,Silver Edge,Black King Bar,Abyssal Blade,Paladin Sword,Quelling Blade",25,41,56,87.0k,360,23,3.1k,5.5k,99.2k,4.2k,2.5k,14/25
/matches/5419746395,won,Normal Skill,Normal,Turbo,SE Asia,25:16,2020-05-17,Phantom Assassin,29,6,5,5,21.8k,125,6,900,1.4k,15.5k,-,3.7k,0,"Phase Boots,Quelling Blade,Desolator,Abyssal Blade,Morbid Mask,Black King Bar,Imp Claw,Healing Salve",24,25,40,95.1k,486,28,3.9k,6.8k,72.1k,-,13.2k,0
/matches/5420864347,won,Normal Skill,Normal,Turbo,SE Asia,27:47,2020-05-17,Sniper,29,19,3,16,29.7k,105,14,1.1k,1.3k,48.7k,-,5.9k,0,"Daedalus,Aegis of the Immortal,Black King Bar,Silver Edge,Power Treads,Hurricane Pike",41,20,112,104.3k,379,26,4.1k,6.3k,117.7k,8.2k,16.1k,0
/matches/5420803937,lost,Normal Skill,Normal,Turbo,SE Asia,21:48,2020-05-17,Lion,21,2,8,3,5.7k,12,2,275,970,6.1k,-,-,0,"Tranquil Boots,Dust of Appearance,Iron Branch,Iron Branch,Blink Dagger",9,25,18,38.1k,208,20,1.8k,4.5k,42.2k,-,504,0
/matches/5422066292,lost,Normal Skill,Normal,Turbo,SE Asia,27:34,2020-05-18,Sniper,28,5,4,5,18.1k,104,30,679,1.4k,28.4k,-,420,0,"Black King Bar,Crystalys,Wraith Band,Power Treads,Dragon Lance,Monkey King Bar",18,37,34,70.4k,435,44,2.8k,6.8k,96.3k,630,638,0
/matches/5421995710,lost,Normal Skill,Normal,Turbo,SE Asia,21:41,2020-05-18,Juggernaut,24,4,8,2,10.9k,73,4,524,1.3k,10.3k,2.5k,-,0,"Diffusal Blade,Skull Basher,Yasha,Quelling Blade,Slippers of Agility,Phase Boots,Dragon Scale,Arcane Ring,Quickening Charm",10,41,19,45.8k,263,20,2.3k,6.0k,40.7k,3.3k,1.5k,0
/matches/5421909052,lost,Normal Skill,Normal,Turbo,SE Asia,27:30,2020-05-18,Sniper,27,8,7,8,16.7k,89,39,758,1.3k,30.1k,-,-,0,"Shadow Blade,Mjollnir,Wraith Band,Power Treads,Dragon Lance,Black King Bar",34,37,65,74.2k,401,54,3.3k,6.6k,113.7k,-,971,0
/matches/5422789640,lost,Normal Skill,Normal,Turbo,SE Asia,24:19,2020-05-18,Slark,24,1,3,2,10.4k,67,6,439,1.1k,3.9k,-,170,0,"Quelling Blade,Eye of Skadi,Boots of Speed,Shadow Blade,Ironwood Tree,Slippers of Agility",10,26,10,55.8k,350,19,2.4k,5.8k,57.0k,-,818,0
/matches/5422295950,lost,Normal Skill,Normal,Turbo,SE Asia,16:16,2020-05-18,Drow Ranger,21,2,5,2,4.6k,18,4,368,1.2k,5.2k,-,31,0,Shadow Blade,13,34,24,34.1k,123,41,2.2k,8.1k,46.5k,155,31,0
/matches/5422177171,won,Normal Skill,Normal,Turbo,SE Asia,35:51,2020-05-18,Sniper,29,4,4,16,25.6k,95,4,730,1.1k,36.4k,-,1.8k,0,"Rod of Atos,Mjollnir,Hurricane Pike,Boots of Travel,Power Treads,Aghanim's Scepter,Imp Claw",24,21,51,134.9k,887,19,4.6k,6.4k,129.3k,2.7k,26.7k,0
/matches/5422166379,lost,Normal Skill,Normal,Turbo,SE Asia,17:22,2020-05-18,Crystal Maiden,21,1,5,1,3.8k,22,2,334,1.1k,4.1k,-,-,0,"Iron Branch,Magic Stick,Wind Lace,Boots of Speed,Rod of Atos",7,26,10,25.3k,96,7,2.0k,4.7k,34.9k,-,47,0
/matches/5424431258,lost,Normal Skill,Normal,Turbo,SE Asia,27:50,2020-05-19,Sniper,26,11,3,8,20.0k,81,22,737,1.1k,40.8k,-,98,0,"Daedalus,Mjollnir,Power Treads,Hurricane Pike,Vambrace",27,31,62,72.3k,293,35,2.7k,5.6k,108.1k,1.9k,2.2k,0
/matches/5424377477,lost,Normal Skill,Normal,Turbo,SE Asia,25:09,2020-05-19,Bloodseeker,29,13,4,13,19.7k,77,15,1.1k,1.6k,30.3k,-,2.2k,0,"Sange and Yasha,Quelling Blade,Boots of Speed,Butterfly,Monkey King Bar,Blade Mail,Imp Claw,Enchanted Mango,Abyssal Blade",37,22,69,109.8k,439,26,4.9k,7.7k,116.8k,2.0k,26.7k,0
/matches/5424146709,won,Normal Skill,Normal,Turbo,SE Asia,21:12,2020-05-19,Sniper,26,6,1,16,23.1k,103,24,1.1k,1.5k,23.8k,400,4.5k,0,"Daedalus,Eye of Skadi,Hyperstone,Moon Shard,Power Treads,Dragon Lance,Grove Bow",29,10,57,97.6k,386,51,4.8k,7.0k,74.3k,4.8k,21.1k,0
/matches/5424097007,won,Normal Skill,Normal,Turbo,SE Asia,15:58,2020-05-19,Sniper,20,-,0,6,12.0k,98,18,732,1.2k,5.0k,-,913,0,"Power Treads,Wraith Band,Wraith Band,Dragon Lance,Eye of Skadi,Mask of Madness,Dragon Scale",21,6,38,42.5k,208,36,2.9k,5.0k,38.2k,-,1.7k,0
/matches/5423997284,won,Normal Skill,Normal,Turbo,SE Asia,26:42,2020-05-19,Sniper,27,7,1,18,18.9k,107,21,940,1.5k,36.4k,-,3.0k,0,"Mjollnir,Shadow Blade,Moon Shard,Power Treads,Dragon Lance,Enchanted Mango",31,19,85,87.8k,417,39,3.9k,6.6k,103.8k,288,20.5k,0
/matches/5423929516,lost,Normal Skill,Normal,Turbo,SE Asia,07:44,2020-05-19,Drow Ranger,7,-,2,-,2.5k,19,3,565,464,1.0k,-,-,0,"Tango,Wraith Band,Wraith Band,Power Treads",2,4,2,15.3k,88,16,2.6k,2.7k,8.2k,-,61,0
/matches/5423881166,won,Normal Skill,Normal,Turbo,SE Asia,21:50,2020-05-19,Juggernaut,29,12,0,16,19.4k,52,5,889,1.6k,21.7k,9.6k,4.3k,0,"Diffusal Blade,Abyssal Blade,Monkey King Bar,Quelling Blade,Phase Boots,Slippers of Agility",42,8,74,90.3k,338,15,4.2k,7.6k,90.6k,14.1k,9.9k,0
/matches/5423745717,won,Normal Skill,Normal,Turbo,SE Asia,32:59,2020-05-19,Drow Ranger,30,15,4,20,37.6k,145,4,1.2k,1.4k,40.7k,-,12.0k,0,"Hurricane Pike,Power Treads,Butterfly,Silver Edge,Monkey King Bar,Mask of Madness,Dragon Scale",48,26,109,143.3k,598,14,4.7k,6.9k,166.9k,2.5k,22.4k,0
